<annotation>
<folder>images</folder>
<filename>0320ec34-img21.png</filename>
<source>
<database>MyDatabase</database>
<annotation>COCO2017</annotation>
<image>flickr</image>
<flickrid>NULL</flickrid>
<annotator>1</annotator>
</source>
<owner>
<flickrid>NULL</flickrid>
<name>Label Studio</name>
</owner>
<size>
<width>516</width>
<height>338</height>
<depth>4</depth>
</size>
<segmented>0</segmented>
<object>
<name>Pa(no dot)</name>
<pose>Unspecified</pose>
<truncated>0</truncated>
<difficult>0</difficult>
<bndbox>
<xmin>12</xmin>
<ymin>41</ymin>
<xmax>30</xmax>
<ymax>60</ymax>
</bndbox>
</object>
<object>
<name>Pa(no dot)</name>
<pose>Unspecified</pose>
<truncated>0</truncated>
<difficult>0</difficult>
<bndbox>
<xmin>130</xmin>
<ymin>21</ymin>
<xmax>147</xmax>
<ymax>37</ymax>
</bndbox>
</object>
<object>
<name>Pa(no dot)</name>
<pose>Unspecified</pose>
<truncated>0</truncated>
<difficult>0</difficult>
<bndbox>
<xmin>237</xmin>
<ymin>18</ymin>
<xmax>255</xmax>
<ymax>34</ymax>
</bndbox>
</object>
<object>
<name>Pa(no dot)</name>
<pose>Unspecified</pose>
<truncated>0</truncated>
<difficult>0</difficult>
<bndbox>
<xmin>330</xmin>
<ymin>13</ymin>
<xmax>346</xmax>
<ymax>33</ymax>
</bndbox>
</object>
<object>
<name>Pa(no dot)</name>
<pose>Unspecified</pose>
<truncated>0</truncated>
<difficult>0</difficult>
<bndbox>
<xmin>224</xmin>
<ymin>38</ymin>
<xmax>236</xmax>
<ymax>53</ymax>
</bndbox>
</object>
<object>
<name>Pa(no dot)</name>
<pose>Unspecified</pose>
<truncated>0</truncated>
<difficult>0</difficult>
<bndbox>
<xmin>368</xmin>
<ymin>147</ymin>
<xmax>385</xmax>
<ymax>167</ymax>
</bndbox>
</object>
<object>
<name>Pa(no dot)</name>
<pose>Unspecified</pose>
<truncated>0</truncated>
<difficult>0</difficult>
<bndbox>
<xmin>324</xmin>
<ymin>127</ymin>
<xmax>340</xmax>
<ymax>144</ymax>
</bndbox>
</object>
<object>
<name>Pa(no dot)</name>
<pose>Unspecified</pose>
<truncated>0</truncated>
<difficult>0</difficult>
<bndbox>
<xmin>43</xmin>
<ymin>151</ymin>
<xmax>58</xmax>
<ymax>170</ymax>
</bndbox>
</object>
<object>
<name>Pa(no dot)</name>
<pose>Unspecified</pose>
<truncated>0</truncated>
<difficult>0</difficult>
<bndbox>
<xmin>195</xmin>
<ymin>150</ymin>
<xmax>206</xmax>
<ymax>165</ymax>
</bndbox>
</object>
<object>
<name>Pa(no dot)</name>
<pose>Unspecified</pose>
<truncated>0</truncated>
<difficult>0</difficult>
<bndbox>
<xmin>312</xmin>
<ymin>149</ymin>
<xmax>320</xmax>
<ymax>164</ymax>
</bndbox>
</object>
<object>
<name>Pa(no dot)</name>
<pose>Unspecified</pose>
<truncated>0</truncated>
<difficult>0</difficult>
<bndbox>
<xmin>17</xmin>
<ymin>249</ymin>
<xmax>32</xmax>
<ymax>273</ymax>
</bndbox>
</object>
<object>
<name>Pa(no dot)</name>
<pose>Unspecified</pose>
<truncated>0</truncated>
<difficult>0</difficult>
<bndbox>
<xmin>334</xmin>
<ymin>230</ymin>
<xmax>345</xmax>
<ymax>244</ymax>
</bndbox>
</object>
<object>
<name>Sa(dot above)</name>
<pose>Unspecified</pose>
<truncated>0</truncated>
<difficult>0</difficult>
<bndbox>
<xmin>25</xmin>
<ymin>16</ymin>
<xmax>47</xmax>
<ymax>38</ymax>
</bndbox>
</object>
<object>
<name>Sa(dot above)</name>
<pose>Unspecified</pose>
<truncated>0</truncated>
<difficult>0</difficult>
<bndbox>
<xmin>83</xmin>
<ymin>38</ymin>
<xmax>102</xmax>
<ymax>57</ymax>
</bndbox>
</object>
<object>
<name>Sa(dot above)</name>
<pose>Unspecified</pose>
<truncated>0</truncated>
<difficult>0</difficult>
<bndbox>
<xmin>103</xmin>
<ymin>35</ymin>
<xmax>122</xmax>
<ymax>56</ymax>
</bndbox>
</object>
<object>
<name>Sa(dot above)</name>
<pose>Unspecified</pose>
<truncated>0</truncated>
<difficult>0</difficult>
<bndbox>
<xmin>135</xmin>
<ymin>37</ymin>
<xmax>156</xmax>
<ymax>60</ymax>
</bndbox>
</object>
<object>
<name>Sa(dot above)</name>
<pose>Unspecified</pose>
<truncated>0</truncated>
<difficult>0</difficult>
<bndbox>
<xmin>163</xmin>
<ymin>34</ymin>
<xmax>186</xmax>
<ymax>59</ymax>
</bndbox>
</object>
<object>
<name>Sa(dot above)</name>
<pose>Unspecified</pose>
<truncated>0</truncated>
<difficult>0</difficult>
<bndbox>
<xmin>239</xmin>
<ymin>38</ymin>
<xmax>261</xmax>
<ymax>58</ymax>
</bndbox>
</object>
<object>
<name>Sa(dot above)</name>
<pose>Unspecified</pose>
<truncated>0</truncated>
<difficult>0</difficult>
<bndbox>
<xmin>454</xmin>
<ymin>13</ymin>
<xmax>474</xmax>
<ymax>32</ymax>
</bndbox>
</object>
<object>
<name>Sa(dot above)</name>
<pose>Unspecified</pose>
<truncated>0</truncated>
<difficult>0</difficult>
<bndbox>
<xmin>481</xmin>
<ymin>32</ymin>
<xmax>503</xmax>
<ymax>51</ymax>
</bndbox>
</object>
<object>
<name>Sa(dot above)</name>
<pose>Unspecified</pose>
<truncated>0</truncated>
<difficult>0</difficult>
<bndbox>
<xmin>54</xmin>
<ymin>128</ymin>
<xmax>79</xmax>
<ymax>148</ymax>
</bndbox>
</object>
<object>
<name>Sa(dot above)</name>
<pose>Unspecified</pose>
<truncated>0</truncated>
<difficult>0</difficult>
<bndbox>
<xmin>91</xmin>
<ymin>149</ymin>
<xmax>112</xmax>
<ymax>166</ymax>
</bndbox>
</object>
<object>
<name>Sa(dot above)</name>
<pose>Unspecified</pose>
<truncated>0</truncated>
<difficult>0</difficult>
<bndbox>
<xmin>172</xmin>
<ymin>146</ymin>
<xmax>191</xmax>
<ymax>168</ymax>
</bndbox>
</object>
<object>
<name>Sa(dot above)</name>
<pose>Unspecified</pose>
<truncated>0</truncated>
<difficult>0</difficult>
<bndbox>
<xmin>225</xmin>
<ymin>144</ymin>
<xmax>243</xmax>
<ymax>166</ymax>
</bndbox>
</object>
<object>
<name>Sa(dot above)</name>
<pose>Unspecified</pose>
<truncated>0</truncated>
<difficult>0</difficult>
<bndbox>
<xmin>244</xmin>
<ymin>143</ymin>
<xmax>262</xmax>
<ymax>164</ymax>
</bndbox>
</object>
<object>
<name>Sa(dot above)</name>
<pose>Unspecified</pose>
<truncated>0</truncated>
<difficult>0</difficult>
<bndbox>
<xmin>233</xmin>
<ymin>249</ymin>
<xmax>256</xmax>
<ymax>269</ymax>
</bndbox>
</object>
<object>
<name>Ni1(no dot)</name>
<pose>Unspecified</pose>
<truncated>0</truncated>
<difficult>0</difficult>
<bndbox>
<xmin>189</xmin>
<ymin>32</ymin>
<xmax>207</xmax>
<ymax>55</ymax>
</bndbox>
</object>
<object>
<name>Ni1(no dot)</name>
<pose>Unspecified</pose>
<truncated>0</truncated>
<difficult>0</difficult>
<bndbox>
<xmin>270</xmin>
<ymin>32</ymin>
<xmax>292</xmax>
<ymax>61</ymax>
</bndbox>
</object>
<object>
<name>Ni1(no dot)</name>
<pose>Unspecified</pose>
<truncated>0</truncated>
<difficult>0</difficult>
<bndbox>
<xmin>272</xmin>
<ymin>143</ymin>
<xmax>294</xmax>
<ymax>169</ymax>
</bndbox>
</object>
<object>
<name>Ni1(no dot)</name>
<pose>Unspecified</pose>
<truncated>0</truncated>
<difficult>0</difficult>
<bndbox>
<xmin>275</xmin>
<ymin>246</ymin>
<xmax>293</xmax>
<ymax>271</ymax>
</bndbox>
</object>
<object>
<name>Dha(no dot)</name>
<pose>Unspecified</pose>
<truncated>0</truncated>
<difficult>0</difficult>
<bndbox>
<xmin>212</xmin>
<ymin>37</ymin>
<xmax>224</xmax>
<ymax>54</ymax>
</bndbox>
</object>
<object>
<name>Dha(no dot)</name>
<pose>Unspecified</pose>
<truncated>0</truncated>
<difficult>0</difficult>
<bndbox>
<xmin>304</xmin>
<ymin>36</ymin>
<xmax>319</xmax>
<ymax>56</ymax>
</bndbox>
</object>
<object>
<name>Dha(no dot)</name>
<pose>Unspecified</pose>
<truncated>0</truncated>
<difficult>0</difficult>
<bndbox>
<xmin>207</xmin>
<ymin>149</ymin>
<xmax>220</xmax>
<ymax>164</ymax>
</bndbox>
</object>
<object>
<name>Dha(no dot)</name>
<pose>Unspecified</pose>
<truncated>0</truncated>
<difficult>0</difficult>
<bndbox>
<xmin>300</xmin>
<ymin>150</ymin>
<xmax>312</xmax>
<ymax>163</ymax>
</bndbox>
</object>
<object>
<name>Ma(no dot)</name>
<pose>Unspecified</pose>
<truncated>0</truncated>
<difficult>0</difficult>
<bndbox>
<xmin>466</xmin>
<ymin>124</ymin>
<xmax>479</xmax>
<ymax>142</ymax>
</bndbox>
</object>
<object>
<name>Dha(no dot)</name>
<pose>Unspecified</pose>
<truncated>0</truncated>
<difficult>0</difficult>
<bndbox>
<xmin>303</xmin>
<ymin>250</ymin>
<xmax>322</xmax>
<ymax>268</ymax>
</bndbox>
</object>
<object>
<name>Ni(no dot)</name>
<pose>Unspecified</pose>
<truncated>0</truncated>
<difficult>0</difficult>
<bndbox>
<xmin>35</xmin>
<ymin>38</ymin>
<xmax>54</xmax>
<ymax>61</ymax>
</bndbox>
</object>
<object>
<name>Ni(no dot)</name>
<pose>Unspecified</pose>
<truncated>0</truncated>
<difficult>0</difficult>
<bndbox>
<xmin>460</xmin>
<ymin>33</ymin>
<xmax>482</xmax>
<ymax>49</ymax>
</bndbox>
</object>
<object>
<name>Ni(no dot)</name>
<pose>Unspecified</pose>
<truncated>0</truncated>
<difficult>0</difficult>
<bndbox>
<xmin>13</xmin>
<ymin>147</ymin>
<xmax>36</xmax>
<ymax>171</ymax>
</bndbox>
</object>
<object>
<name>Ni(no dot)</name>
<pose>Unspecified</pose>
<truncated>0</truncated>
<difficult>0</difficult>
<bndbox>
<xmin>63</xmin>
<ymin>148</ymin>
<xmax>87</xmax>
<ymax>172</ymax>
</bndbox>
</object>
<object>
<name>Ni(no dot)</name>
<pose>Unspecified</pose>
<truncated>0</truncated>
<difficult>0</difficult>
<bndbox>
<xmin>146</xmin>
<ymin>146</ymin>
<xmax>168</xmax>
<ymax>166</ymax>
</bndbox>
</object>
<object>
<name>Ma(no dot)</name>
<pose>Unspecified</pose>
<truncated>0</truncated>
<difficult>0</difficult>
<bndbox>
<xmin>467</xmin>
<ymin>228</ymin>
<xmax>483</xmax>
<ymax>241</ymax>
</bndbox>
</object>
<object>
<name>Ma(no dot)</name>
<pose>Unspecified</pose>
<truncated>0</truncated>
<difficult>0</difficult>
<bndbox>
<xmin>482</xmin>
<ymin>248</ymin>
<xmax>495</xmax>
<ymax>260</ymax>
</bndbox>
</object>
<object>
<name>Ma(no dot)</name>
<pose>Unspecified</pose>
<truncated>0</truncated>
<difficult>0</difficult>
<bndbox>
<xmin>368</xmin>
<ymin>246</ymin>
<xmax>383</xmax>
<ymax>269</ymax>
</bndbox>
</object>
<object>
<name>Ma(no dot)</name>
<pose>Unspecified</pose>
<truncated>0</truncated>
<difficult>0</difficult>
<bndbox>
<xmin>77</xmin>
<ymin>252</ymin>
<xmax>93</xmax>
<ymax>274</ymax>
</bndbox>
</object>
<object>
<name>Ma(no dot)</name>
<pose>Unspecified</pose>
<truncated>0</truncated>
<difficult>0</difficult>
<bndbox>
<xmin>343</xmin>
<ymin>148</ymin>
<xmax>356</xmax>
<ymax>163</ymax>
</bndbox>
</object>
<object>
<name>Dha(no dot)</name>
<pose>Unspecified</pose>
<truncated>0</truncated>
<difficult>0</difficult>
<bndbox>
<xmin>352</xmin>
<ymin>125</ymin>
<xmax>371</xmax>
<ymax>143</ymax>
</bndbox>
</object>
<object>
<name>Ma(no dot)</name>
<pose>Unspecified</pose>
<truncated>0</truncated>
<difficult>0</difficult>
<bndbox>
<xmin>401</xmin>
<ymin>144</ymin>
<xmax>416</xmax>
<ymax>165</ymax>
</bndbox>
</object>
<object>
<name>Ma(no dot)</name>
<pose>Unspecified</pose>
<truncated>0</truncated>
<difficult>0</difficult>
<bndbox>
<xmin>480</xmin>
<ymin>146</ymin>
<xmax>493</xmax>
<ymax>161</ymax>
</bndbox>
</object>
<object>
<name>Ma(no dot)</name>
<pose>Unspecified</pose>
<truncated>0</truncated>
<difficult>0</difficult>
<bndbox>
<xmin>367</xmin>
<ymin>39</ymin>
<xmax>386</xmax>
<ymax>53</ymax>
</bndbox>
</object>
<object>
<name>Ga(no dot)</name>
<pose>Unspecified</pose>
<truncated>0</truncated>
<difficult>0</difficult>
<bndbox>
<xmin>398</xmin>
<ymin>36</ymin>
<xmax>419</xmax>
<ymax>54</ymax>
</bndbox>
</object>
<object>
<name>Ga(no dot)</name>
<pose>Unspecified</pose>
<truncated>0</truncated>
<difficult>0</difficult>
<bndbox>
<xmin>338</xmin>
<ymin>37</ymin>
<xmax>358</xmax>
<ymax>54</ymax>
</bndbox>
</object>
<object>
<name>Ga(no dot)</name>
<pose>Unspecified</pose>
<truncated>0</truncated>
<difficult>0</difficult>
<bndbox>
<xmin>330</xmin>
<ymin>147</ymin>
<xmax>343</xmax>
<ymax>163</ymax>
</bndbox>
</object>
<object>
<name>Ga(no dot)</name>
<pose>Unspecified</pose>
<truncated>0</truncated>
<difficult>0</difficult>
<bndbox>
<xmin>421</xmin>
<ymin>145</ymin>
<xmax>438</xmax>
<ymax>165</ymax>
</bndbox>
</object>
<object>
<name>Ga(no dot)</name>
<pose>Unspecified</pose>
<truncated>0</truncated>
<difficult>0</difficult>
<bndbox>
<xmin>402</xmin>
<ymin>124</ymin>
<xmax>419</xmax>
<ymax>140</ymax>
</bndbox>
</object>
<object>
<name>Re(dot above)</name>
<pose>Unspecified</pose>
<truncated>0</truncated>
<difficult>0</difficult>
<bndbox>
<xmin>145</xmin>
<ymin>126</ymin>
<xmax>162</xmax>
<ymax>144</ymax>
</bndbox>
</object>
<object>
<name>Re(dot above)</name>
<pose>Unspecified</pose>
<truncated>0</truncated>
<difficult>0</difficult>
<bndbox>
<xmin>112</xmin>
<ymin>144</ymin>
<xmax>129</xmax>
<ymax>168</ymax>
</bndbox>
</object>
<object>
<name>Re(no dot)</name>
<pose>Unspecified</pose>
<truncated>0</truncated>
<difficult>0</difficult>
<bndbox>
<xmin>110</xmin>
<ymin>225</ymin>
<xmax>127</xmax>
<ymax>250</ymax>
</bndbox>
</object>
<object>
<name>Re(no dot)</name>
<pose>Unspecified</pose>
<truncated>0</truncated>
<difficult>0</difficult>
<bndbox>
<xmin>136</xmin>
<ymin>227</ymin>
<xmax>148</xmax>
<ymax>246</ymax>
</bndbox>
</object>
<object>
<name>Sa(no dot)</name>
<pose>Unspecified</pose>
<truncated>0</truncated>
<difficult>0</difficult>
<bndbox>
<xmin>228</xmin>
<ymin>232</ymin>
<xmax>253</xmax>
<ymax>247</ymax>
</bndbox>
</object>
<object>
<name>Sa(no dot)</name>
<pose>Unspecified</pose>
<truncated>0</truncated>
<difficult>0</difficult>
<bndbox>
<xmin>202</xmin>
<ymin>251</ymin>
<xmax>225</xmax>
<ymax>269</ymax>
</bndbox>
</object>
<object>
<name>Ga(no dot)</name>
<pose>Unspecified</pose>
<truncated>0</truncated>
<difficult>0</difficult>
<bndbox>
<xmin>403</xmin>
<ymin>247</ymin>
<xmax>420</xmax>
<ymax>268</ymax>
</bndbox>
</object>
<object>
<name>Ga(no dot)</name>
<pose>Unspecified</pose>
<truncated>0</truncated>
<difficult>0</difficult>
<bndbox>
<xmin>337</xmin>
<ymin>249</ymin>
<xmax>350</xmax>
<ymax>267</ymax>
</bndbox>
</object>
<object>
<name>Ga(no dot)</name>
<pose>Unspecified</pose>
<truncated>0</truncated>
<difficult>0</difficult>
<bndbox>
<xmin>112</xmin>
<ymin>250</ymin>
<xmax>129</xmax>
<ymax>272</ymax>
</bndbox>
</object>
<object>
<name>Ga(no dot)</name>
<pose>Unspecified</pose>
<truncated>0</truncated>
<difficult>0</difficult>
<bndbox>
<xmin>47</xmin>
<ymin>252</ymin>
<xmax>65</xmax>
<ymax>274</ymax>
</bndbox>
</object>
<object>
<name>Ni(dot below)</name>
<pose>Unspecified</pose>
<truncated>0</truncated>
<difficult>0</difficult>
<bndbox>
<xmin>146</xmin>
<ymin>248</ymin>
<xmax>168</xmax>
<ymax>274</ymax>
</bndbox>
</object>
<object>
<name>Ga(no dot)</name>
<pose>Unspecified</pose>
<truncated>0</truncated>
<difficult>0</difficult>
<bndbox>
<xmin>469</xmin>
<ymin>246</ymin>
<xmax>482</xmax>
<ymax>263</ymax>
</bndbox>
</object>
<object>
<name>Ga(no dot)</name>
<pose>Unspecified</pose>
<truncated>0</truncated>
<difficult>0</difficult>
<bndbox>
<xmin>463</xmin>
<ymin>144</ymin>
<xmax>480</xmax>
<ymax>163</ymax>
</bndbox>
</object>
</annotation>
