<annotation>
<folder>images</folder>
<filename>16f96d37-img75.png</filename>
<source>
<database>MyDatabase</database>
<annotation>COCO2017</annotation>
<image>flickr</image>
<flickrid>NULL</flickrid>
<annotator>1</annotator>
</source>
<owner>
<flickrid>NULL</flickrid>
<name>Label Studio</name>
</owner>
<size>
<width>488</width>
<height>119</height>
<depth>4</depth>
</size>
<segmented>0</segmented>
<object>
<name>Ma(no dot)</name>
<pose>Unspecified</pose>
<truncated>0</truncated>
<difficult>0</difficult>
<bndbox>
<xmin>12</xmin>
<ymin>17</ymin>
<xmax>33</xmax>
<ymax>37</ymax>
</bndbox>
</object>
<object>
<name>Ma(no dot)</name>
<pose>Unspecified</pose>
<truncated>0</truncated>
<difficult>0</difficult>
<bndbox>
<xmin>92</xmin>
<ymin>16</ymin>
<xmax>109</xmax>
<ymax>37</ymax>
</bndbox>
</object>
<object>
<name>Sa(dot above)</name>
<pose>Unspecified</pose>
<truncated>0</truncated>
<difficult>0</difficult>
<bndbox>
<xmin>240</xmin>
<ymin>11</ymin>
<xmax>261</xmax>
<ymax>35</ymax>
</bndbox>
</object>
<object>
<name>Sa(dot above)</name>
<pose>Unspecified</pose>
<truncated>0</truncated>
<difficult>0</difficult>
<bndbox>
<xmin>406</xmin>
<ymin>9</ymin>
<xmax>426</xmax>
<ymax>33</ymax>
</bndbox>
</object>
<object>
<name>Sa(dot above)</name>
<pose>Unspecified</pose>
<truncated>0</truncated>
<difficult>0</difficult>
<bndbox>
<xmin>354</xmin>
<ymin>9</ymin>
<xmax>377</xmax>
<ymax>33</ymax>
</bndbox>
</object>
<object>
<name>Ni1(no dot)</name>
<pose>Unspecified</pose>
<truncated>0</truncated>
<difficult>0</difficult>
<bndbox>
<xmin>125</xmin>
<ymin>11</ymin>
<xmax>141</xmax>
<ymax>35</ymax>
</bndbox>
</object>
<object>
<name>Ni(no dot)</name>
<pose>Unspecified</pose>
<truncated>0</truncated>
<difficult>0</difficult>
<bndbox>
<xmin>312</xmin>
<ymin>8</ymin>
<xmax>336</xmax>
<ymax>31</ymax>
</bndbox>
</object>
<object>
<name>Ni(no dot)</name>
<pose>Unspecified</pose>
<truncated>0</truncated>
<difficult>0</difficult>
<bndbox>
<xmin>194</xmin>
<ymin>13</ymin>
<xmax>216</xmax>
<ymax>34</ymax>
</bndbox>
</object>
<object>
<name>Dha(no dot)</name>
<pose>Unspecified</pose>
<truncated>0</truncated>
<difficult>0</difficult>
<bndbox>
<xmin>146</xmin>
<ymin>14</ymin>
<xmax>161</xmax>
<ymax>34</ymax>
</bndbox>
</object>
<object>
<name>Ga(no dot)</name>
<pose>Unspecified</pose>
<truncated>0</truncated>
<difficult>0</difficult>
<bndbox>
<xmin>57</xmin>
<ymin>17</ymin>
<xmax>72</xmax>
<ymax>34</ymax>
</bndbox>
</object>
</annotation>
