<annotation>
<folder>images</folder>
<filename>215fc402-Screenshot_2024-01-16_184048.png</filename>
<source>
<database>MyDatabase</database>
<annotation>COCO2017</annotation>
<image>flickr</image>
<flickrid>NULL</flickrid>
<annotator>1</annotator>
</source>
<owner>
<flickrid>NULL</flickrid>
<name>Label Studio</name>
</owner>
<size>
<width>591</width>
<height>464</height>
<depth>4</depth>
</size>
<segmented>0</segmented>
<object>
<name>Ma(no dot)</name>
<pose>Unspecified</pose>
<truncated>0</truncated>
<difficult>0</difficult>
<bndbox>
<xmin>28</xmin>
<ymin>7</ymin>
<xmax>48</xmax>
<ymax>25</ymax>
</bndbox>
</object>
<object>
<name>Ma(no dot)</name>
<pose>Unspecified</pose>
<truncated>0</truncated>
<difficult>0</difficult>
<bndbox>
<xmin>214</xmin>
<ymin>141</ymin>
<xmax>224</xmax>
<ymax>155</ymax>
</bndbox>
</object>
<object>
<name>Ma(no dot)</name>
<pose>Unspecified</pose>
<truncated>0</truncated>
<difficult>0</difficult>
<bndbox>
<xmin>250</xmin>
<ymin>143</ymin>
<xmax>264</xmax>
<ymax>160</ymax>
</bndbox>
</object>
<object>
<name>Ma(no dot)</name>
<pose>Unspecified</pose>
<truncated>0</truncated>
<difficult>0</difficult>
<bndbox>
<xmin>440</xmin>
<ymin>140</ymin>
<xmax>450</xmax>
<ymax>159</ymax>
</bndbox>
</object>
<object>
<name>Ma(no dot)</name>
<pose>Unspecified</pose>
<truncated>0</truncated>
<difficult>0</difficult>
<bndbox>
<xmin>469</xmin>
<ymin>141</ymin>
<xmax>481</xmax>
<ymax>155</ymax>
</bndbox>
</object>
<object>
<name>Pa(no dot)</name>
<pose>Unspecified</pose>
<truncated>0</truncated>
<difficult>0</difficult>
<bndbox>
<xmin>452</xmin>
<ymin>140</ymin>
<xmax>459</xmax>
<ymax>153</ymax>
</bndbox>
</object>
<object>
<name>Pa(no dot)</name>
<pose>Unspecified</pose>
<truncated>0</truncated>
<difficult>0</difficult>
<bndbox>
<xmin>461</xmin>
<ymin>141</ymin>
<xmax>466</xmax>
<ymax>156</ymax>
</bndbox>
</object>
<object>
<name>Ga(no dot)</name>
<pose>Unspecified</pose>
<truncated>0</truncated>
<difficult>0</difficult>
<bndbox>
<xmin>425</xmin>
<ymin>137</ymin>
<xmax>436</xmax>
<ymax>157</ymax>
</bndbox>
</object>
<object>
<name>Ga(no dot)</name>
<pose>Unspecified</pose>
<truncated>0</truncated>
<difficult>0</difficult>
<bndbox>
<xmin>482</xmin>
<ymin>138</ymin>
<xmax>492</xmax>
<ymax>155</ymax>
</bndbox>
</object>
<object>
<name>Re(no dot)</name>
<pose>Unspecified</pose>
<truncated>0</truncated>
<difficult>0</difficult>
<bndbox>
<xmin>494</xmin>
<ymin>134</ymin>
<xmax>502</xmax>
<ymax>157</ymax>
</bndbox>
</object>
<object>
<name>Sa(dot above)</name>
<pose>Unspecified</pose>
<truncated>0</truncated>
<difficult>0</difficult>
<bndbox>
<xmin>473</xmin>
<ymin>254</ymin>
<xmax>485</xmax>
<ymax>273</ymax>
</bndbox>
</object>
<object>
<name>Sa(dot above)</name>
<pose>Unspecified</pose>
<truncated>0</truncated>
<difficult>0</difficult>
<bndbox>
<xmin>485</xmin>
<ymin>254</ymin>
<xmax>500</xmax>
<ymax>273</ymax>
</bndbox>
</object>
<object>
<name>Ni(no dot)</name>
<pose>Unspecified</pose>
<truncated>0</truncated>
<difficult>0</difficult>
<bndbox>
<xmin>505</xmin>
<ymin>252</ymin>
<xmax>514</xmax>
<ymax>272</ymax>
</bndbox>
</object>
<object>
<name>Dha(no dot)</name>
<pose>Unspecified</pose>
<truncated>0</truncated>
<difficult>0</difficult>
<bndbox>
<xmin>517</xmin>
<ymin>258</ymin>
<xmax>526</xmax>
<ymax>274</ymax>
</bndbox>
</object>
<object>
<name>Ni(no dot)</name>
<pose>Unspecified</pose>
<truncated>0</truncated>
<difficult>0</difficult>
<bndbox>
<xmin>529</xmin>
<ymin>253</ymin>
<xmax>540</xmax>
<ymax>271</ymax>
</bndbox>
</object>
<object>
<name>Dha(no dot)</name>
<pose>Unspecified</pose>
<truncated>0</truncated>
<difficult>0</difficult>
<bndbox>
<xmin>415</xmin>
<ymin>256</ymin>
<xmax>427</xmax>
<ymax>272</ymax>
</bndbox>
</object>
<object>
<name>Dha(no dot)</name>
<pose>Unspecified</pose>
<truncated>0</truncated>
<difficult>0</difficult>
<bndbox>
<xmin>450</xmin>
<ymin>258</ymin>
<xmax>467</xmax>
<ymax>274</ymax>
</bndbox>
</object>
<object>
<name>Dha(no dot)</name>
<pose>Unspecified</pose>
<truncated>0</truncated>
<difficult>0</difficult>
<bndbox>
<xmin>393</xmin>
<ymin>254</ymin>
<xmax>404</xmax>
<ymax>272</ymax>
</bndbox>
</object>
<object>
<name>Dha(no dot)</name>
<pose>Unspecified</pose>
<truncated>0</truncated>
<difficult>0</difficult>
<bndbox>
<xmin>379</xmin>
<ymin>259</ymin>
<xmax>392</xmax>
<ymax>272</ymax>
</bndbox>
</object>
<object>
<name>Dha(no dot)</name>
<pose>Unspecified</pose>
<truncated>0</truncated>
<difficult>0</difficult>
<bndbox>
<xmin>251</xmin>
<ymin>256</ymin>
<xmax>268</xmax>
<ymax>281</ymax>
</bndbox>
</object>
<object>
<name>Dha(no dot)</name>
<pose>Unspecified</pose>
<truncated>0</truncated>
<difficult>0</difficult>
<bndbox>
<xmin>61</xmin>
<ymin>260</ymin>
<xmax>75</xmax>
<ymax>277</ymax>
</bndbox>
</object>
<object>
<name>Dha(no dot)</name>
<pose>Unspecified</pose>
<truncated>0</truncated>
<difficult>0</difficult>
<bndbox>
<xmin>120</xmin>
<ymin>238</ymin>
<xmax>134</xmax>
<ymax>252</ymax>
</bndbox>
</object>
<object>
<name>Dha(no dot)</name>
<pose>Unspecified</pose>
<truncated>0</truncated>
<difficult>0</difficult>
<bndbox>
<xmin>63</xmin>
<ymin>367</ymin>
<xmax>77</xmax>
<ymax>382</ymax>
</bndbox>
</object>
<object>
<name>Dha(no dot)</name>
<pose>Unspecified</pose>
<truncated>0</truncated>
<difficult>0</difficult>
<bndbox>
<xmin>120</xmin>
<ymin>141</ymin>
<xmax>139</xmax>
<ymax>162</ymax>
</bndbox>
</object>
<object>
<name>Re(no dot)</name>
<pose>Unspecified</pose>
<truncated>0</truncated>
<difficult>0</difficult>
<bndbox>
<xmin>513</xmin>
<ymin>113</ymin>
<xmax>523</xmax>
<ymax>133</ymax>
</bndbox>
</object>
<object>
<name>Re(no dot)</name>
<pose>Unspecified</pose>
<truncated>0</truncated>
<difficult>0</difficult>
<bndbox>
<xmin>295</xmin>
<ymin>134</ymin>
<xmax>302</xmax>
<ymax>157</ymax>
</bndbox>
</object>
<object>
<name>Re(dot above)</name>
<pose>Unspecified</pose>
<truncated>0</truncated>
<difficult>0</difficult>
<bndbox>
<xmin>430</xmin>
<ymin>20</ymin>
<xmax>439</xmax>
<ymax>46</ymax>
</bndbox>
</object>
<object>
<name>Re(dot above)</name>
<pose>Unspecified</pose>
<truncated>0</truncated>
<difficult>0</difficult>
<bndbox>
<xmin>529</xmin>
<ymin>18</ymin>
<xmax>543</xmax>
<ymax>39</ymax>
</bndbox>
</object>
<object>
<name>Pa(no dot)</name>
<pose>Unspecified</pose>
<truncated>0</truncated>
<difficult>0</difficult>
<bndbox>
<xmin>29</xmin>
<ymin>32</ymin>
<xmax>47</xmax>
<ymax>52</ymax>
</bndbox>
</object>
<object>
<name>Pa(no dot)</name>
<pose>Unspecified</pose>
<truncated>0</truncated>
<difficult>0</difficult>
<bndbox>
<xmin>82</xmin>
<ymin>30</ymin>
<xmax>102</xmax>
<ymax>48</ymax>
</bndbox>
</object>
<object>
<name>Sa(dot above)</name>
<pose>Unspecified</pose>
<truncated>0</truncated>
<difficult>0</difficult>
<bndbox>
<xmin>117</xmin>
<ymin>3</ymin>
<xmax>140</xmax>
<ymax>23</ymax>
</bndbox>
</object>
<object>
<name>Ni(no dot)</name>
<pose>Unspecified</pose>
<truncated>0</truncated>
<difficult>0</difficult>
<bndbox>
<xmin>117</xmin>
<ymin>24</ymin>
<xmax>146</xmax>
<ymax>52</ymax>
</bndbox>
</object>
<object>
<name>Ni(no dot)</name>
<pose>Unspecified</pose>
<truncated>0</truncated>
<difficult>0</difficult>
<bndbox>
<xmin>173</xmin>
<ymin>22</ymin>
<xmax>192</xmax>
<ymax>46</ymax>
</bndbox>
</object>
<object>
<name>Ni(no dot)</name>
<pose>Unspecified</pose>
<truncated>0</truncated>
<difficult>0</difficult>
<bndbox>
<xmin>309</xmin>
<ymin>22</ymin>
<xmax>326</xmax>
<ymax>42</ymax>
</bndbox>
</object>
<object>
<name>Dha(no dot)</name>
<pose>Unspecified</pose>
<truncated>0</truncated>
<difficult>0</difficult>
<bndbox>
<xmin>170</xmin>
<ymin>6</ymin>
<xmax>181</xmax>
<ymax>19</ymax>
</bndbox>
</object>
<object>
<name>Sa(dot above)</name>
<pose>Unspecified</pose>
<truncated>0</truncated>
<difficult>0</difficult>
<bndbox>
<xmin>214</xmin>
<ymin>22</ymin>
<xmax>230</xmax>
<ymax>52</ymax>
</bndbox>
</object>
<object>
<name>Sa(dot above)</name>
<pose>Unspecified</pose>
<truncated>0</truncated>
<difficult>0</difficult>
<bndbox>
<xmin>281</xmin>
<ymin>22</ymin>
<xmax>299</xmax>
<ymax>47</ymax>
</bndbox>
</object>
<object>
<name>Sa(dot above)</name>
<pose>Unspecified</pose>
<truncated>0</truncated>
<difficult>0</difficult>
<bndbox>
<xmin>328</xmin>
<ymin>23</ymin>
<xmax>341</xmax>
<ymax>42</ymax>
</bndbox>
</object>
<object>
<name>Sa(dot above)</name>
<pose>Unspecified</pose>
<truncated>0</truncated>
<difficult>0</difficult>
<bndbox>
<xmin>352</xmin>
<ymin>23</ymin>
<xmax>372</xmax>
<ymax>49</ymax>
</bndbox>
</object>
<object>
<name>Sa(dot above)</name>
<pose>Unspecified</pose>
<truncated>0</truncated>
<difficult>0</difficult>
<bndbox>
<xmin>384</xmin>
<ymin>24</ymin>
<xmax>404</xmax>
<ymax>48</ymax>
</bndbox>
</object>
<object>
<name>Ga(dot above)</name>
<pose>Unspecified</pose>
<truncated>0</truncated>
<difficult>0</difficult>
<bndbox>
<xmin>515</xmin>
<ymin>20</ymin>
<xmax>528</xmax>
<ymax>43</ymax>
</bndbox>
</object>
<object>
<name>Ni(no dot)</name>
<pose>Unspecified</pose>
<truncated>0</truncated>
<difficult>0</difficult>
<bndbox>
<xmin>25</xmin>
<ymin>116</ymin>
<xmax>50</xmax>
<ymax>138</ymax>
</bndbox>
</object>
<object>
<name>Ni(dot below)</name>
<pose>Unspecified</pose>
<truncated>0</truncated>
<difficult>0</difficult>
<bndbox>
<xmin>349</xmin>
<ymin>116</ymin>
<xmax>368</xmax>
<ymax>140</ymax>
</bndbox>
</object>
<object>
<name>Sa(no dot)</name>
<pose>Unspecified</pose>
<truncated>0</truncated>
<difficult>0</difficult>
<bndbox>
<xmin>381</xmin>
<ymin>117</ymin>
<xmax>398</xmax>
<ymax>133</ymax>
</bndbox>
</object>
<object>
<name>Sa(dot above)</name>
<pose>Unspecified</pose>
<truncated>0</truncated>
<difficult>0</difficult>
<bndbox>
<xmin>119</xmin>
<ymin>114</ymin>
<xmax>139</xmax>
<ymax>135</ymax>
</bndbox>
</object>
<object>
<name>Sa(dot above)</name>
<pose>Unspecified</pose>
<truncated>0</truncated>
<difficult>0</difficult>
<bndbox>
<xmin>32</xmin>
<ymin>140</ymin>
<xmax>53</xmax>
<ymax>161</ymax>
</bndbox>
</object>
<object>
<name>Sa(dot above)</name>
<pose>Unspecified</pose>
<truncated>0</truncated>
<difficult>0</difficult>
<bndbox>
<xmin>74</xmin>
<ymin>137</ymin>
<xmax>93</xmax>
<ymax>163</ymax>
</bndbox>
</object>
<object>
<name>Ni1(no dot)</name>
<pose>Unspecified</pose>
<truncated>0</truncated>
<difficult>0</difficult>
<bndbox>
<xmin>166</xmin>
<ymin>138</ymin>
<xmax>184</xmax>
<ymax>161</ymax>
</bndbox>
</object>
<object>
<name>Pa(no dot)</name>
<pose>Unspecified</pose>
<truncated>0</truncated>
<difficult>0</difficult>
<bndbox>
<xmin>185</xmin>
<ymin>141</ymin>
<xmax>193</xmax>
<ymax>157</ymax>
</bndbox>
</object>
<object>
<name>Ga(no dot)</name>
<pose>Unspecified</pose>
<truncated>0</truncated>
<difficult>0</difficult>
<bndbox>
<xmin>210</xmin>
<ymin>120</ymin>
<xmax>226</xmax>
<ymax>134</ymax>
</bndbox>
</object>
<object>
<name>Ga(no dot)</name>
<pose>Unspecified</pose>
<truncated>0</truncated>
<difficult>0</difficult>
<bndbox>
<xmin>227</xmin>
<ymin>141</ymin>
<xmax>238</xmax>
<ymax>155</ymax>
</bndbox>
</object>
<object>
<name>Ga(no dot)</name>
<pose>Unspecified</pose>
<truncated>0</truncated>
<difficult>0</difficult>
<bndbox>
<xmin>281</xmin>
<ymin>137</ymin>
<xmax>293</xmax>
<ymax>159</ymax>
</bndbox>
</object>
<object>
<name>Sa(no dot)</name>
<pose>Unspecified</pose>
<truncated>0</truncated>
<difficult>0</difficult>
<bndbox>
<xmin>316</xmin>
<ymin>140</ymin>
<xmax>342</xmax>
<ymax>160</ymax>
</bndbox>
</object>
<object>
<name>Sa(no dot)</name>
<pose>Unspecified</pose>
<truncated>0</truncated>
<difficult>0</difficult>
<bndbox>
<xmin>353</xmin>
<ymin>143</ymin>
<xmax>373</xmax>
<ymax>161</ymax>
</bndbox>
</object>
<object>
<name>Pa(no dot)</name>
<pose>Unspecified</pose>
<truncated>0</truncated>
<difficult>0</difficult>
<bndbox>
<xmin>391</xmin>
<ymin>143</ymin>
<xmax>405</xmax>
<ymax>161</ymax>
</bndbox>
</object>
<object>
<name>Ga(no dot)</name>
<pose>Unspecified</pose>
<truncated>0</truncated>
<difficult>0</difficult>
<bndbox>
<xmin>511</xmin>
<ymin>141</ymin>
<xmax>524</xmax>
<ymax>156</ymax>
</bndbox>
</object>
<object>
<name>Ga(no dot)</name>
<pose>Unspecified</pose>
<truncated>0</truncated>
<difficult>0</difficult>
<bndbox>
<xmin>526</xmin>
<ymin>138</ymin>
<xmax>538</xmax>
<ymax>155</ymax>
</bndbox>
</object>
<object>
<name>Pa(no dot)</name>
<pose>Unspecified</pose>
<truncated>0</truncated>
<difficult>0</difficult>
<bndbox>
<xmin>33</xmin>
<ymin>263</ymin>
<xmax>46</xmax>
<ymax>279</ymax>
</bndbox>
</object>
<object>
<name>Ga(no dot)</name>
<pose>Unspecified</pose>
<truncated>0</truncated>
<difficult>0</difficult>
<bndbox>
<xmin>80</xmin>
<ymin>262</ymin>
<xmax>90</xmax>
<ymax>275</ymax>
</bndbox>
</object>
<object>
<name>Ma(no dot)</name>
<pose>Unspecified</pose>
<truncated>0</truncated>
<difficult>0</difficult>
<bndbox>
<xmin>90</xmin>
<ymin>261</ymin>
<xmax>100</xmax>
<ymax>273</ymax>
</bndbox>
</object>
<object>
<name>Ni(no dot)</name>
<pose>Unspecified</pose>
<truncated>0</truncated>
<difficult>0</difficult>
<bndbox>
<xmin>119</xmin>
<ymin>252</ymin>
<xmax>139</xmax>
<ymax>274</ymax>
</bndbox>
</object>
<object>
<name>Dha(no dot)</name>
<pose>Unspecified</pose>
<truncated>0</truncated>
<difficult>0</difficult>
<bndbox>
<xmin>142</xmin>
<ymin>259</ymin>
<xmax>154</xmax>
<ymax>274</ymax>
</bndbox>
</object>
<object>
<name>Ni(no dot)</name>
<pose>Unspecified</pose>
<truncated>0</truncated>
<difficult>0</difficult>
<bndbox>
<xmin>163</xmin>
<ymin>232</ymin>
<xmax>182</xmax>
<ymax>255</ymax>
</bndbox>
</object>
<object>
<name>Sa(dot above)</name>
<pose>Unspecified</pose>
<truncated>0</truncated>
<difficult>0</difficult>
<bndbox>
<xmin>169</xmin>
<ymin>255</ymin>
<xmax>191</xmax>
<ymax>281</ymax>
</bndbox>
</object>
<object>
<name>Sa(dot above)</name>
<pose>Unspecified</pose>
<truncated>0</truncated>
<difficult>0</difficult>
<bndbox>
<xmin>217</xmin>
<ymin>254</ymin>
<xmax>239</xmax>
<ymax>279</ymax>
</bndbox>
</object>
<object>
<name>Ni1(no dot)</name>
<pose>Unspecified</pose>
<truncated>0</truncated>
<difficult>0</difficult>
<bndbox>
<xmin>285</xmin>
<ymin>254</ymin>
<xmax>305</xmax>
<ymax>285</ymax>
</bndbox>
</object>
<object>
<name>Pa(no dot)</name>
<pose>Unspecified</pose>
<truncated>0</truncated>
<difficult>0</difficult>
<bndbox>
<xmin>319</xmin>
<ymin>260</ymin>
<xmax>334</xmax>
<ymax>279</ymax>
</bndbox>
</object>
<object>
<name>Ma(no dot)</name>
<pose>Unspecified</pose>
<truncated>0</truncated>
<difficult>0</difficult>
<bndbox>
<xmin>345</xmin>
<ymin>235</ymin>
<xmax>355</xmax>
<ymax>250</ymax>
</bndbox>
</object>
<object>
<name>Ma(no dot)</name>
<pose>Unspecified</pose>
<truncated>0</truncated>
<difficult>0</difficult>
<bndbox>
<xmin>358</xmin>
<ymin>236</ymin>
<xmax>367</xmax>
<ymax>252</ymax>
</bndbox>
</object>
<object>
<name>Ga(no dot)</name>
<pose>Unspecified</pose>
<truncated>0</truncated>
<difficult>0</difficult>
<bndbox>
<xmin>347</xmin>
<ymin>258</ymin>
<xmax>356</xmax>
<ymax>278</ymax>
</bndbox>
</object>
<object>
<name>Ga(no dot)</name>
<pose>Unspecified</pose>
<truncated>0</truncated>
<difficult>0</difficult>
<bndbox>
<xmin>356</xmin>
<ymin>256</ymin>
<xmax>371</xmax>
<ymax>279</ymax>
</bndbox>
</object>
<object>
<name>Ni(no dot)</name>
<pose>Unspecified</pose>
<truncated>0</truncated>
<difficult>0</difficult>
<bndbox>
<xmin>415</xmin>
<ymin>231</ymin>
<xmax>431</xmax>
<ymax>253</ymax>
</bndbox>
</object>
<object>
<name>Ni(no dot)</name>
<pose>Unspecified</pose>
<truncated>0</truncated>
<difficult>0</difficult>
<bndbox>
<xmin>433</xmin>
<ymin>251</ymin>
<xmax>449</xmax>
<ymax>275</ymax>
</bndbox>
</object>
<object>
<name>Pa(no dot)</name>
<pose>Unspecified</pose>
<truncated>0</truncated>
<difficult>0</difficult>
<bndbox>
<xmin>38</xmin>
<ymin>367</ymin>
<xmax>54</xmax>
<ymax>389</ymax>
</bndbox>
</object>
<object>
<name>Ga(no dot)</name>
<pose>Unspecified</pose>
<truncated>0</truncated>
<difficult>0</difficult>
<bndbox>
<xmin>82</xmin>
<ymin>369</ymin>
<xmax>91</xmax>
<ymax>381</ymax>
</bndbox>
</object>
<object>
<name>Ma(no dot)</name>
<pose>Unspecified</pose>
<truncated>0</truncated>
<difficult>0</difficult>
<bndbox>
<xmin>93</xmin>
<ymin>368</ymin>
<xmax>101</xmax>
<ymax>381</ymax>
</bndbox>
</object>
</annotation>
