<annotation>
<folder>images</folder>
<filename>2aed53e2-34.PNG</filename>
<source>
<database>MyDatabase</database>
<annotation>COCO2017</annotation>
<image>flickr</image>
<flickrid>NULL</flickrid>
<annotator>1</annotator>
</source>
<owner>
<flickrid>NULL</flickrid>
<name>Label Studio</name>
</owner>
<size>
<width>550</width>
<height>526</height>
<depth>4</depth>
</size>
<segmented>0</segmented>
<object>
<name>Dha(no dot)</name>
<pose>Unspecified</pose>
<truncated>0</truncated>
<difficult>0</difficult>
<bndbox>
<xmin>17</xmin>
<ymin>27</ymin>
<xmax>40</xmax>
<ymax>48</ymax>
</bndbox>
</object>
<object>
<name>Dha(no dot)</name>
<pose>Unspecified</pose>
<truncated>0</truncated>
<difficult>0</difficult>
<bndbox>
<xmin>159</xmin>
<ymin>20</ymin>
<xmax>180</xmax>
<ymax>45</ymax>
</bndbox>
</object>
<object>
<name>Dha(no dot)</name>
<pose>Unspecified</pose>
<truncated>0</truncated>
<difficult>0</difficult>
<bndbox>
<xmin>164</xmin>
<ymin>125</ymin>
<xmax>180</xmax>
<ymax>148</ymax>
</bndbox>
</object>
<object>
<name>Dha(no dot)</name>
<pose>Unspecified</pose>
<truncated>0</truncated>
<difficult>0</difficult>
<bndbox>
<xmin>343</xmin>
<ymin>123</ymin>
<xmax>357</xmax>
<ymax>143</ymax>
</bndbox>
</object>
<object>
<name>Dha(no dot)</name>
<pose>Unspecified</pose>
<truncated>0</truncated>
<difficult>0</difficult>
<bndbox>
<xmin>167</xmin>
<ymin>437</ymin>
<xmax>187</xmax>
<ymax>462</ymax>
</bndbox>
</object>
<object>
<name>Dha(no dot)</name>
<pose>Unspecified</pose>
<truncated>0</truncated>
<difficult>0</difficult>
<bndbox>
<xmin>381</xmin>
<ymin>326</ymin>
<xmax>397</xmax>
<ymax>352</ymax>
</bndbox>
</object>
<object>
<name>Dha(no dot)</name>
<pose>Unspecified</pose>
<truncated>0</truncated>
<difficult>0</difficult>
<bndbox>
<xmin>206</xmin>
<ymin>330</ymin>
<xmax>226</xmax>
<ymax>351</ymax>
</bndbox>
</object>
<object>
<name>Ga(no dot)</name>
<pose>Unspecified</pose>
<truncated>0</truncated>
<difficult>0</difficult>
<bndbox>
<xmin>293</xmin>
<ymin>431</ymin>
<xmax>313</xmax>
<ymax>453</ymax>
</bndbox>
</object>
<object>
<name>Ga(no dot)</name>
<pose>Unspecified</pose>
<truncated>0</truncated>
<difficult>0</difficult>
<bndbox>
<xmin>208</xmin>
<ymin>432</ymin>
<xmax>227</xmax>
<ymax>459</ymax>
</bndbox>
</object>
<object>
<name>Ga(no dot)</name>
<pose>Unspecified</pose>
<truncated>0</truncated>
<difficult>0</difficult>
<bndbox>
<xmin>82</xmin>
<ymin>439</ymin>
<xmax>101</xmax>
<ymax>465</ymax>
</bndbox>
</object>
<object>
<name>Ga(no dot)</name>
<pose>Unspecified</pose>
<truncated>0</truncated>
<difficult>0</difficult>
<bndbox>
<xmin>470</xmin>
<ymin>321</ymin>
<xmax>492</xmax>
<ymax>344</ymax>
</bndbox>
</object>
<object>
<name>Ga(no dot)</name>
<pose>Unspecified</pose>
<truncated>0</truncated>
<difficult>0</difficult>
<bndbox>
<xmin>112</xmin>
<ymin>334</ymin>
<xmax>136</xmax>
<ymax>353</ymax>
</bndbox>
</object>
<object>
<name>Ga(no dot)</name>
<pose>Unspecified</pose>
<truncated>0</truncated>
<difficult>0</difficult>
<bndbox>
<xmin>290</xmin>
<ymin>227</ymin>
<xmax>315</xmax>
<ymax>248</ymax>
</bndbox>
</object>
<object>
<name>Ga(no dot)</name>
<pose>Unspecified</pose>
<truncated>0</truncated>
<difficult>0</difficult>
<bndbox>
<xmin>198</xmin>
<ymin>230</ymin>
<xmax>221</xmax>
<ymax>247</ymax>
</bndbox>
</object>
<object>
<name>Ga(no dot)</name>
<pose>Unspecified</pose>
<truncated>0</truncated>
<difficult>0</difficult>
<bndbox>
<xmin>110</xmin>
<ymin>231</ymin>
<xmax>129</xmax>
<ymax>250</ymax>
</bndbox>
</object>
<object>
<name>Ga(no dot)</name>
<pose>Unspecified</pose>
<truncated>0</truncated>
<difficult>0</difficult>
<bndbox>
<xmin>249</xmin>
<ymin>18</ymin>
<xmax>271</xmax>
<ymax>47</ymax>
</bndbox>
</object>
<object>
<name>Ga(no dot)</name>
<pose>Unspecified</pose>
<truncated>0</truncated>
<difficult>0</difficult>
<bndbox>
<xmin>426</xmin>
<ymin>119</ymin>
<xmax>448</xmax>
<ymax>137</ymax>
</bndbox>
</object>
<object>
<name>Ma2(no dot)</name>
<pose>Unspecified</pose>
<truncated>0</truncated>
<difficult>0</difficult>
<bndbox>
<xmin>108</xmin>
<ymin>15</ymin>
<xmax>125</xmax>
<ymax>46</ymax>
</bndbox>
</object>
<object>
<name>Ma2(no dot)</name>
<pose>Unspecified</pose>
<truncated>0</truncated>
<difficult>0</difficult>
<bndbox>
<xmin>198</xmin>
<ymin>13</ymin>
<xmax>218</xmax>
<ymax>48</ymax>
</bndbox>
</object>
<object>
<name>Ma2(no dot)</name>
<pose>Unspecified</pose>
<truncated>0</truncated>
<difficult>0</difficult>
<bndbox>
<xmin>251</xmin>
<ymin>115</ymin>
<xmax>271</xmax>
<ymax>146</ymax>
</bndbox>
</object>
<object>
<name>Ma2(no dot)</name>
<pose>Unspecified</pose>
<truncated>0</truncated>
<difficult>0</difficult>
<bndbox>
<xmin>286</xmin>
<ymin>111</ymin>
<xmax>306</xmax>
<ymax>142</ymax>
</bndbox>
</object>
<object>
<name>Ma2(no dot)</name>
<pose>Unspecified</pose>
<truncated>0</truncated>
<difficult>0</difficult>
<bndbox>
<xmin>372</xmin>
<ymin>111</ymin>
<xmax>394</xmax>
<ymax>144</ymax>
</bndbox>
</object>
<object>
<name>Ma2(no dot)</name>
<pose>Unspecified</pose>
<truncated>0</truncated>
<difficult>0</difficult>
<bndbox>
<xmin>249</xmin>
<ymin>219</ymin>
<xmax>273</xmax>
<ymax>247</ymax>
</bndbox>
</object>
<object>
<name>Ma2(no dot)</name>
<pose>Unspecified</pose>
<truncated>0</truncated>
<difficult>0</difficult>
<bndbox>
<xmin>166</xmin>
<ymin>324</ymin>
<xmax>185</xmax>
<ymax>354</ymax>
</bndbox>
</object>
<object>
<name>Ma2(no dot)</name>
<pose>Unspecified</pose>
<truncated>0</truncated>
<difficult>0</difficult>
<bndbox>
<xmin>428</xmin>
<ymin>320</ymin>
<xmax>452</xmax>
<ymax>347</ymax>
</bndbox>
</object>
<object>
<name>Ma2(no dot)</name>
<pose>Unspecified</pose>
<truncated>0</truncated>
<difficult>0</difficult>
<bndbox>
<xmin>506</xmin>
<ymin>313</ymin>
<xmax>523</xmax>
<ymax>341</ymax>
</bndbox>
</object>
<object>
<name>Ma2(no dot)</name>
<pose>Unspecified</pose>
<truncated>0</truncated>
<difficult>0</difficult>
<bndbox>
<xmin>340</xmin>
<ymin>319</ymin>
<xmax>365</xmax>
<ymax>350</ymax>
</bndbox>
</object>
<object>
<name>Ma2(no dot)</name>
<pose>Unspecified</pose>
<truncated>0</truncated>
<difficult>0</difficult>
<bndbox>
<xmin>260</xmin>
<ymin>425</ymin>
<xmax>278</xmax>
<ymax>458</ymax>
</bndbox>
</object>
<object>
<name>Ma2(no dot)</name>
<pose>Unspecified</pose>
<truncated>0</truncated>
<difficult>0</difficult>
<bndbox>
<xmin>117</xmin>
<ymin>429</ymin>
<xmax>137</xmax>
<ymax>458</ymax>
</bndbox>
</object>
<object>
<name>Re1(no dot)</name>
<pose>Unspecified</pose>
<truncated>0</truncated>
<difficult>0</difficult>
<bndbox>
<xmin>25</xmin>
<ymin>435</ymin>
<xmax>47</xmax>
<ymax>471</ymax>
</bndbox>
</object>
<object>
<name>Re1(no dot)</name>
<pose>Unspecified</pose>
<truncated>0</truncated>
<difficult>0</difficult>
<bndbox>
<xmin>346</xmin>
<ymin>427</ymin>
<xmax>369</xmax>
<ymax>457</ymax>
</bndbox>
</object>
<object>
<name>Re1(no dot)</name>
<pose>Unspecified</pose>
<truncated>0</truncated>
<difficult>0</difficult>
<bndbox>
<xmin>79</xmin>
<ymin>330</ymin>
<xmax>103</xmax>
<ymax>362</ymax>
</bndbox>
</object>
<object>
<name>Re1(no dot)</name>
<pose>Unspecified</pose>
<truncated>0</truncated>
<difficult>0</difficult>
<bndbox>
<xmin>379</xmin>
<ymin>218</ymin>
<xmax>393</xmax>
<ymax>252</ymax>
</bndbox>
</object>
<object>
<name>Re1(no dot)</name>
<pose>Unspecified</pose>
<truncated>0</truncated>
<difficult>0</difficult>
<bndbox>
<xmin>342</xmin>
<ymin>218</ymin>
<xmax>367</xmax>
<ymax>252</ymax>
</bndbox>
</object>
<object>
<name>Re1(no dot)</name>
<pose>Unspecified</pose>
<truncated>0</truncated>
<difficult>0</difficult>
<bndbox>
<xmin>200</xmin>
<ymin>200</ymin>
<xmax>218</xmax>
<ymax>226</ymax>
</bndbox>
</object>
<object>
<name>Re1(no dot)</name>
<pose>Unspecified</pose>
<truncated>0</truncated>
<difficult>0</difficult>
<bndbox>
<xmin>23</xmin>
<ymin>230</ymin>
<xmax>41</xmax>
<ymax>258</ymax>
</bndbox>
</object>
<object>
<name>Re1(no dot)</name>
<pose>Unspecified</pose>
<truncated>0</truncated>
<difficult>0</difficult>
<bndbox>
<xmin>464</xmin>
<ymin>108</ymin>
<xmax>478</xmax>
<ymax>141</ymax>
</bndbox>
</object>
<object>
<name>Re1(no dot)</name>
<pose>Unspecified</pose>
<truncated>0</truncated>
<difficult>0</difficult>
<bndbox>
<xmin>498</xmin>
<ymin>105</ymin>
<xmax>516</xmax>
<ymax>141</ymax>
</bndbox>
</object>
<object>
<name>Re1(no dot)</name>
<pose>Unspecified</pose>
<truncated>0</truncated>
<difficult>0</difficult>
<bndbox>
<xmin>286</xmin>
<ymin>13</ymin>
<xmax>300</xmax>
<ymax>43</ymax>
</bndbox>
</object>
<object>
<name>Re1(no dot)</name>
<pose>Unspecified</pose>
<truncated>0</truncated>
<difficult>0</difficult>
<bndbox>
<xmin>336</xmin>
<ymin>11</ymin>
<xmax>352</xmax>
<ymax>42</ymax>
</bndbox>
</object>
<object>
<name>Sa(no dot)</name>
<pose>Unspecified</pose>
<truncated>0</truncated>
<difficult>0</difficult>
<bndbox>
<xmin>374</xmin>
<ymin>13</ymin>
<xmax>396</xmax>
<ymax>40</ymax>
</bndbox>
</object>
<object>
<name>Sa(no dot)</name>
<pose>Unspecified</pose>
<truncated>0</truncated>
<difficult>0</difficult>
<bndbox>
<xmin>420</xmin>
<ymin>219</ymin>
<xmax>449</xmax>
<ymax>245</ymax>
</bndbox>
</object>
<object>
<name>Sa(no dot)</name>
<pose>Unspecified</pose>
<truncated>0</truncated>
<difficult>0</difficult>
<bndbox>
<xmin>468</xmin>
<ymin>221</ymin>
<xmax>493</xmax>
<ymax>241</ymax>
</bndbox>
</object>
<object>
<name>Sa(no dot)</name>
<pose>Unspecified</pose>
<truncated>0</truncated>
<difficult>0</difficult>
<bndbox>
<xmin>498</xmin>
<ymin>221</ymin>
<xmax>522</xmax>
<ymax>238</ymax>
</bndbox>
</object>
<object>
<name>Sa(no dot)</name>
<pose>Unspecified</pose>
<truncated>0</truncated>
<difficult>0</difficult>
<bndbox>
<xmin>386</xmin>
<ymin>429</ymin>
<xmax>409</xmax>
<ymax>451</ymax>
</bndbox>
</object>
<object>
<name>Ni(no dot)</name>
<pose>Unspecified</pose>
<truncated>0</truncated>
<difficult>0</difficult>
<bndbox>
<xmin>255</xmin>
<ymin>321</ymin>
<xmax>275</xmax>
<ymax>355</ymax>
</bndbox>
</object>
<object>
<name>Re1(no dot)</name>
<pose>Unspecified</pose>
<truncated>0</truncated>
<difficult>0</difficult>
<bndbox>
<xmin>508</xmin>
<ymin>8</ymin>
<xmax>528</xmax>
<ymax>32</ymax>
</bndbox>
</object>
<object>
<name>Dha(dot below)</name>
<pose>Unspecified</pose>
<truncated>0</truncated>
<difficult>0</difficult>
<bndbox>
<xmin>75</xmin>
<ymin>132</ymin>
<xmax>95</xmax>
<ymax>155</ymax>
</bndbox>
</object>
<object>
<name>Dha(dot below)</name>
<pose>Unspecified</pose>
<truncated>0</truncated>
<difficult>0</difficult>
<bndbox>
<xmin>110</xmin>
<ymin>124</ymin>
<xmax>129</xmax>
<ymax>154</ymax>
</bndbox>
</object>
<object>
<name>Dha(dot below)</name>
<pose>Unspecified</pose>
<truncated>0</truncated>
<difficult>0</difficult>
<bndbox>
<xmin>473</xmin>
<ymin>427</ymin>
<xmax>490</xmax>
<ymax>452</ymax>
</bndbox>
</object>
<object>
<name>Ni(dot below)</name>
<pose>Unspecified</pose>
<truncated>0</truncated>
<difficult>0</difficult>
<bndbox>
<xmin>465</xmin>
<ymin>9</ymin>
<xmax>489</xmax>
<ymax>41</ymax>
</bndbox>
</object>
<object>
<name>Ni(dot below)</name>
<pose>Unspecified</pose>
<truncated>0</truncated>
<difficult>0</difficult>
<bndbox>
<xmin>489</xmin>
<ymin>9</ymin>
<xmax>508</xmax>
<ymax>33</ymax>
</bndbox>
</object>
<object>
<name>Ni(dot below)</name>
<pose>Unspecified</pose>
<truncated>0</truncated>
<difficult>0</difficult>
<bndbox>
<xmin>21</xmin>
<ymin>127</ymin>
<xmax>43</xmax>
<ymax>154</ymax>
</bndbox>
</object>
<object>
<name>Ni(dot below)</name>
<pose>Unspecified</pose>
<truncated>0</truncated>
<difficult>0</difficult>
<bndbox>
<xmin>23</xmin>
<ymin>332</ymin>
<xmax>54</xmax>
<ymax>365</ymax>
</bndbox>
</object>
<object>
<name>Ni(dot below)</name>
<pose>Unspecified</pose>
<truncated>0</truncated>
<difficult>0</difficult>
<bndbox>
<xmin>431</xmin>
<ymin>426</ymin>
<xmax>459</xmax>
<ymax>458</ymax>
</bndbox>
</object>
</annotation>
