<annotation>
<folder>images</folder>
<filename>417d4658-Screenshot_2024-01-16_184501.png</filename>
<source>
<database>MyDatabase</database>
<annotation>COCO2017</annotation>
<image>flickr</image>
<flickrid>NULL</flickrid>
<annotator>1</annotator>
</source>
<owner>
<flickrid>NULL</flickrid>
<name>Label Studio</name>
</owner>
<size>
<width>597</width>
<height>390</height>
<depth>4</depth>
</size>
<segmented>0</segmented>
<object>
<name>Pa(no dot)</name>
<pose>Unspecified</pose>
<truncated>0</truncated>
<difficult>0</difficult>
<bndbox>
<xmin>29</xmin>
<ymin>15</ymin>
<xmax>42</xmax>
<ymax>32</ymax>
</bndbox>
</object>
<object>
<name>Pa(no dot)</name>
<pose>Unspecified</pose>
<truncated>0</truncated>
<difficult>0</difficult>
<bndbox>
<xmin>61</xmin>
<ymin>39</ymin>
<xmax>81</xmax>
<ymax>58</ymax>
</bndbox>
</object>
<object>
<name>Pa(no dot)</name>
<pose>Unspecified</pose>
<truncated>0</truncated>
<difficult>0</difficult>
<bndbox>
<xmin>161</xmin>
<ymin>17</ymin>
<xmax>176</xmax>
<ymax>31</ymax>
</bndbox>
</object>
<object>
<name>Pa(no dot)</name>
<pose>Unspecified</pose>
<truncated>0</truncated>
<difficult>0</difficult>
<bndbox>
<xmin>304</xmin>
<ymin>39</ymin>
<xmax>323</xmax>
<ymax>61</ymax>
</bndbox>
</object>
<object>
<name>Pa(no dot)</name>
<pose>Unspecified</pose>
<truncated>0</truncated>
<difficult>0</difficult>
<bndbox>
<xmin>242</xmin>
<ymin>132</ymin>
<xmax>262</xmax>
<ymax>149</ymax>
</bndbox>
</object>
<object>
<name>Pa(no dot)</name>
<pose>Unspecified</pose>
<truncated>0</truncated>
<difficult>0</difficult>
<bndbox>
<xmin>299</xmin>
<ymin>155</ymin>
<xmax>322</xmax>
<ymax>171</ymax>
</bndbox>
</object>
<object>
<name>Pa(no dot)</name>
<pose>Unspecified</pose>
<truncated>0</truncated>
<difficult>0</difficult>
<bndbox>
<xmin>527</xmin>
<ymin>153</ymin>
<xmax>545</xmax>
<ymax>172</ymax>
</bndbox>
</object>
<object>
<name>Pa(no dot)</name>
<pose>Unspecified</pose>
<truncated>0</truncated>
<difficult>0</difficult>
<bndbox>
<xmin>28</xmin>
<ymin>242</ymin>
<xmax>43</xmax>
<ymax>259</ymax>
</bndbox>
</object>
<object>
<name>Pa(no dot)</name>
<pose>Unspecified</pose>
<truncated>0</truncated>
<difficult>0</difficult>
<bndbox>
<xmin>64</xmin>
<ymin>265</ymin>
<xmax>82</xmax>
<ymax>288</ymax>
</bndbox>
</object>
<object>
<name>Ni(no dot)</name>
<pose>Unspecified</pose>
<truncated>0</truncated>
<difficult>0</difficult>
<bndbox>
<xmin>122</xmin>
<ymin>262</ymin>
<xmax>144</xmax>
<ymax>284</ymax>
</bndbox>
</object>
<object>
<name>Ni(no dot)</name>
<pose>Unspecified</pose>
<truncated>0</truncated>
<difficult>0</difficult>
<bndbox>
<xmin>90</xmin>
<ymin>261</ymin>
<xmax>114</xmax>
<ymax>284</ymax>
</bndbox>
</object>
<object>
<name>Ma(no dot)</name>
<pose>Unspecified</pose>
<truncated>0</truncated>
<difficult>0</difficult>
<bndbox>
<xmin>33</xmin>
<ymin>40</ymin>
<xmax>53</xmax>
<ymax>57</ymax>
</bndbox>
</object>
<object>
<name>Ma(no dot)</name>
<pose>Unspecified</pose>
<truncated>0</truncated>
<difficult>0</difficult>
<bndbox>
<xmin>93</xmin>
<ymin>40</ymin>
<xmax>114</xmax>
<ymax>59</ymax>
</bndbox>
</object>
<object>
<name>Ma(no dot)</name>
<pose>Unspecified</pose>
<truncated>0</truncated>
<difficult>0</difficult>
<bndbox>
<xmin>193</xmin>
<ymin>40</ymin>
<xmax>207</xmax>
<ymax>60</ymax>
</bndbox>
</object>
<object>
<name>Ma(no dot)</name>
<pose>Unspecified</pose>
<truncated>0</truncated>
<difficult>0</difficult>
<bndbox>
<xmin>264</xmin>
<ymin>39</ymin>
<xmax>280</xmax>
<ymax>60</ymax>
</bndbox>
</object>
<object>
<name>Ga(no dot)</name>
<pose>Unspecified</pose>
<truncated>0</truncated>
<difficult>0</difficult>
<bndbox>
<xmin>241</xmin>
<ymin>41</ymin>
<xmax>260</xmax>
<ymax>60</ymax>
</bndbox>
</object>
<object>
<name>Ga(no dot)</name>
<pose>Unspecified</pose>
<truncated>0</truncated>
<difficult>0</difficult>
<bndbox>
<xmin>166</xmin>
<ymin>39</ymin>
<xmax>184</xmax>
<ymax>60</ymax>
</bndbox>
</object>
<object>
<name>Ga(no dot)</name>
<pose>Unspecified</pose>
<truncated>0</truncated>
<difficult>0</difficult>
<bndbox>
<xmin>124</xmin>
<ymin>38</ymin>
<xmax>141</xmax>
<ymax>61</ymax>
</bndbox>
</object>
<object>
<name>Re(no dot)</name>
<pose>Unspecified</pose>
<truncated>0</truncated>
<difficult>0</difficult>
<bndbox>
<xmin>215</xmin>
<ymin>31</ymin>
<xmax>232</xmax>
<ymax>61</ymax>
</bndbox>
</object>
<object>
<name>Ma(no dot)</name>
<pose>Unspecified</pose>
<truncated>0</truncated>
<difficult>0</difficult>
<bndbox>
<xmin>299</xmin>
<ymin>15</ymin>
<xmax>317</xmax>
<ymax>31</ymax>
</bndbox>
</object>
<object>
<name>Ma(no dot)</name>
<pose>Unspecified</pose>
<truncated>0</truncated>
<difficult>0</difficult>
<bndbox>
<xmin>382</xmin>
<ymin>38</ymin>
<xmax>397</xmax>
<ymax>57</ymax>
</bndbox>
</object>
<object>
<name>Ga(no dot)</name>
<pose>Unspecified</pose>
<truncated>0</truncated>
<difficult>0</difficult>
<bndbox>
<xmin>396</xmin>
<ymin>37</ymin>
<xmax>408</xmax>
<ymax>56</ymax>
</bndbox>
</object>
<object>
<name>Ma(no dot)</name>
<pose>Unspecified</pose>
<truncated>0</truncated>
<difficult>0</difficult>
<bndbox>
<xmin>437</xmin>
<ymin>38</ymin>
<xmax>454</xmax>
<ymax>61</ymax>
</bndbox>
</object>
<object>
<name>Re(no dot)</name>
<pose>Unspecified</pose>
<truncated>0</truncated>
<difficult>0</difficult>
<bndbox>
<xmin>481</xmin>
<ymin>32</ymin>
<xmax>499</xmax>
<ymax>62</ymax>
</bndbox>
</object>
<object>
<name>Re(no dot)</name>
<pose>Unspecified</pose>
<truncated>0</truncated>
<difficult>0</difficult>
<bndbox>
<xmin>64</xmin>
<ymin>145</ymin>
<xmax>83</xmax>
<ymax>175</ymax>
</bndbox>
</object>
<object>
<name>Dha(no dot)</name>
<pose>Unspecified</pose>
<truncated>0</truncated>
<difficult>0</difficult>
<bndbox>
<xmin>481</xmin>
<ymin>154</ymin>
<xmax>501</xmax>
<ymax>173</ymax>
</bndbox>
</object>
<object>
<name>Dha(no dot)</name>
<pose>Unspecified</pose>
<truncated>0</truncated>
<difficult>0</difficult>
<bndbox>
<xmin>438</xmin>
<ymin>152</ymin>
<xmax>449</xmax>
<ymax>168</ymax>
</bndbox>
</object>
<object>
<name>Ni1(no dot)</name>
<pose>Unspecified</pose>
<truncated>0</truncated>
<difficult>0</difficult>
<bndbox>
<xmin>451</xmin>
<ymin>147</ymin>
<xmax>471</xmax>
<ymax>173</ymax>
</bndbox>
</object>
<object>
<name>Ni1(no dot)</name>
<pose>Unspecified</pose>
<truncated>0</truncated>
<difficult>0</difficult>
<bndbox>
<xmin>431</xmin>
<ymin>123</ymin>
<xmax>454</xmax>
<ymax>150</ymax>
</bndbox>
</object>
<object>
<name>Ga(no dot)</name>
<pose>Unspecified</pose>
<truncated>0</truncated>
<difficult>0</difficult>
<bndbox>
<xmin>242</xmin>
<ymin>155</ymin>
<xmax>259</xmax>
<ymax>175</ymax>
</bndbox>
</object>
<object>
<name>Sa(no dot)</name>
<pose>Unspecified</pose>
<truncated>0</truncated>
<difficult>0</difficult>
<bndbox>
<xmin>166</xmin>
<ymin>153</ymin>
<xmax>190</xmax>
<ymax>175</ymax>
</bndbox>
</object>
<object>
<name>Sa(no dot)</name>
<pose>Unspecified</pose>
<truncated>0</truncated>
<difficult>0</difficult>
<bndbox>
<xmin>93</xmin>
<ymin>151</ymin>
<xmax>112</xmax>
<ymax>173</ymax>
</bndbox>
</object>
<object>
<name>Sa(no dot)</name>
<pose>Unspecified</pose>
<truncated>0</truncated>
<difficult>0</difficult>
<bndbox>
<xmin>39</xmin>
<ymin>155</ymin>
<xmax>58</xmax>
<ymax>171</ymax>
</bndbox>
</object>
<object>
<name>Ga(dot above)</name>
<pose>Unspecified</pose>
<truncated>0</truncated>
<difficult>0</difficult>
<bndbox>
<xmin>37</xmin>
<ymin>267</ymin>
<xmax>56</xmax>
<ymax>286</ymax>
</bndbox>
</object>
<object>
<name>Ni(dot below)</name>
<pose>Unspecified</pose>
<truncated>0</truncated>
<difficult>0</difficult>
<bndbox>
<xmin>28</xmin>
<ymin>126</ymin>
<xmax>51</xmax>
<ymax>150</ymax>
</bndbox>
</object>
</annotation>
