<annotation>
<folder>images</folder>
<filename>4660d3b7-19.PNG</filename>
<source>
<database>MyDatabase</database>
<annotation>COCO2017</annotation>
<image>flickr</image>
<flickrid>NULL</flickrid>
<annotator>1</annotator>
</source>
<owner>
<flickrid>NULL</flickrid>
<name>Label Studio</name>
</owner>
<size>
<width>552</width>
<height>471</height>
<depth>4</depth>
</size>
<segmented>0</segmented>
<object>
<name>Ma2(no dot)</name>
<pose>Unspecified</pose>
<truncated>0</truncated>
<difficult>0</difficult>
<bndbox>
<xmin>25</xmin>
<ymin>3</ymin>
<xmax>52</xmax>
<ymax>23</ymax>
</bndbox>
</object>
<object>
<name>Ma2(no dot)</name>
<pose>Unspecified</pose>
<truncated>0</truncated>
<difficult>0</difficult>
<bndbox>
<xmin>208</xmin>
<ymin>17</ymin>
<xmax>232</xmax>
<ymax>49</ymax>
</bndbox>
</object>
<object>
<name>Ma2(no dot)</name>
<pose>Unspecified</pose>
<truncated>0</truncated>
<difficult>0</difficult>
<bndbox>
<xmin>294</xmin>
<ymin>128</ymin>
<xmax>316</xmax>
<ymax>154</ymax>
</bndbox>
</object>
<object>
<name>Ma2(no dot)</name>
<pose>Unspecified</pose>
<truncated>0</truncated>
<difficult>0</difficult>
<bndbox>
<xmin>476</xmin>
<ymin>130</ymin>
<xmax>495</xmax>
<ymax>157</ymax>
</bndbox>
</object>
<object>
<name>Ma2(no dot)</name>
<pose>Unspecified</pose>
<truncated>0</truncated>
<difficult>0</difficult>
<bndbox>
<xmin>294</xmin>
<ymin>236</ymin>
<xmax>313</xmax>
<ymax>262</ymax>
</bndbox>
</object>
<object>
<name>Ma2(no dot)</name>
<pose>Unspecified</pose>
<truncated>0</truncated>
<difficult>0</difficult>
<bndbox>
<xmin>206</xmin>
<ymin>240</ymin>
<xmax>227</xmax>
<ymax>264</ymax>
</bndbox>
</object>
<object>
<name>Ma2(no dot)</name>
<pose>Unspecified</pose>
<truncated>0</truncated>
<difficult>0</difficult>
<bndbox>
<xmin>385</xmin>
<ymin>238</ymin>
<xmax>408</xmax>
<ymax>265</ymax>
</bndbox>
</object>
<object>
<name>Ma2(no dot)</name>
<pose>Unspecified</pose>
<truncated>0</truncated>
<difficult>0</difficult>
<bndbox>
<xmin>293</xmin>
<ymin>346</ymin>
<xmax>313</xmax>
<ymax>373</ymax>
</bndbox>
</object>
<object>
<name>Ma2(no dot)</name>
<pose>Unspecified</pose>
<truncated>0</truncated>
<difficult>0</difficult>
<bndbox>
<xmin>204</xmin>
<ymin>345</ymin>
<xmax>224</xmax>
<ymax>375</ymax>
</bndbox>
</object>
<object>
<name>Sa(no dot)</name>
<pose>Unspecified</pose>
<truncated>0</truncated>
<difficult>0</difficult>
<bndbox>
<xmin>503</xmin>
<ymin>244</ymin>
<xmax>530</xmax>
<ymax>268</ymax>
</bndbox>
</object>
<object>
<name>Sa(no dot)</name>
<pose>Unspecified</pose>
<truncated>0</truncated>
<difficult>0</difficult>
<bndbox>
<xmin>504</xmin>
<ymin>353</ymin>
<xmax>526</xmax>
<ymax>375</ymax>
</bndbox>
</object>
<object>
<name>Sa(no dot)</name>
<pose>Unspecified</pose>
<truncated>0</truncated>
<difficult>0</difficult>
<bndbox>
<xmin>24</xmin>
<ymin>222</ymin>
<xmax>49</xmax>
<ymax>242</ymax>
</bndbox>
</object>
<object>
<name>Dha(no dot)</name>
<pose>Unspecified</pose>
<truncated>0</truncated>
<difficult>0</difficult>
<bndbox>
<xmin>258</xmin>
<ymin>24</ymin>
<xmax>284</xmax>
<ymax>47</ymax>
</bndbox>
</object>
<object>
<name>Dha(no dot)</name>
<pose>Unspecified</pose>
<truncated>0</truncated>
<difficult>0</difficult>
<bndbox>
<xmin>298</xmin>
<ymin>2</ymin>
<xmax>318</xmax>
<ymax>22</ymax>
</bndbox>
</object>
<object>
<name>Dha(no dot)</name>
<pose>Unspecified</pose>
<truncated>0</truncated>
<difficult>0</difficult>
<bndbox>
<xmin>32</xmin>
<ymin>112</ymin>
<xmax>47</xmax>
<ymax>129</ymax>
</bndbox>
</object>
<object>
<name>Dha(no dot)</name>
<pose>Unspecified</pose>
<truncated>0</truncated>
<difficult>0</difficult>
<bndbox>
<xmin>261</xmin>
<ymin>133</ymin>
<xmax>279</xmax>
<ymax>157</ymax>
</bndbox>
</object>
<object>
<name>Dha(no dot)</name>
<pose>Unspecified</pose>
<truncated>0</truncated>
<difficult>0</difficult>
<bndbox>
<xmin>441</xmin>
<ymin>134</ymin>
<xmax>463</xmax>
<ymax>162</ymax>
</bndbox>
</object>
<object>
<name>Dha(no dot)</name>
<pose>Unspecified</pose>
<truncated>0</truncated>
<difficult>0</difficult>
<bndbox>
<xmin>204</xmin>
<ymin>217</ymin>
<xmax>225</xmax>
<ymax>238</ymax>
</bndbox>
</object>
<object>
<name>Dha(no dot)</name>
<pose>Unspecified</pose>
<truncated>0</truncated>
<difficult>0</difficult>
<bndbox>
<xmin>260</xmin>
<ymin>238</ymin>
<xmax>279</xmax>
<ymax>266</ymax>
</bndbox>
</object>
<object>
<name>Dha(no dot)</name>
<pose>Unspecified</pose>
<truncated>0</truncated>
<difficult>0</difficult>
<bndbox>
<xmin>164</xmin>
<ymin>353</ymin>
<xmax>188</xmax>
<ymax>373</ymax>
</bndbox>
</object>
<object>
<name>Ga(no dot)</name>
<pose>Unspecified</pose>
<truncated>0</truncated>
<difficult>0</difficult>
<bndbox>
<xmin>438</xmin>
<ymin>349</ymin>
<xmax>458</xmax>
<ymax>377</ymax>
</bndbox>
</object>
<object>
<name>Ga(no dot)</name>
<pose>Unspecified</pose>
<truncated>0</truncated>
<difficult>0</difficult>
<bndbox>
<xmin>351</xmin>
<ymin>354</ymin>
<xmax>369</xmax>
<ymax>377</ymax>
</bndbox>
</object>
<object>
<name>Ga(no dot)</name>
<pose>Unspecified</pose>
<truncated>0</truncated>
<difficult>0</difficult>
<bndbox>
<xmin>258</xmin>
<ymin>349</ymin>
<xmax>278</xmax>
<ymax>376</ymax>
</bndbox>
</object>
<object>
<name>Ga(no dot)</name>
<pose>Unspecified</pose>
<truncated>0</truncated>
<difficult>0</difficult>
<bndbox>
<xmin>171</xmin>
<ymin>25</ymin>
<xmax>192</xmax>
<ymax>50</ymax>
</bndbox>
</object>
<object>
<name>Ga(no dot)</name>
<pose>Unspecified</pose>
<truncated>0</truncated>
<difficult>0</difficult>
<bndbox>
<xmin>121</xmin>
<ymin>25</ymin>
<xmax>139</xmax>
<ymax>47</ymax>
</bndbox>
</object>
<object>
<name>Ga(no dot)</name>
<pose>Unspecified</pose>
<truncated>0</truncated>
<difficult>0</difficult>
<bndbox>
<xmin>29</xmin>
<ymin>27</ymin>
<xmax>49</xmax>
<ymax>49</ymax>
</bndbox>
</object>
<object>
<name>Ni(no dot)</name>
<pose>Unspecified</pose>
<truncated>0</truncated>
<difficult>0</difficult>
<bndbox>
<xmin>115</xmin>
<ymin>348</ymin>
<xmax>139</xmax>
<ymax>373</ymax>
</bndbox>
</object>
<object>
<name>Ni(no dot)</name>
<pose>Unspecified</pose>
<truncated>0</truncated>
<difficult>0</difficult>
<bndbox>
<xmin>25</xmin>
<ymin>329</ymin>
<xmax>44</xmax>
<ymax>350</ymax>
</bndbox>
</object>
<object>
<name>Ni(no dot)</name>
<pose>Unspecified</pose>
<truncated>0</truncated>
<difficult>0</difficult>
<bndbox>
<xmin>383</xmin>
<ymin>130</ymin>
<xmax>410</xmax>
<ymax>159</ymax>
</bndbox>
</object>
<object>
<name>Ni(no dot)</name>
<pose>Unspecified</pose>
<truncated>0</truncated>
<difficult>0</difficult>
<bndbox>
<xmin>119</xmin>
<ymin>133</ymin>
<xmax>144</xmax>
<ymax>158</ymax>
</bndbox>
</object>
<object>
<name>Ni(no dot)</name>
<pose>Unspecified</pose>
<truncated>0</truncated>
<difficult>0</difficult>
<bndbox>
<xmin>206</xmin>
<ymin>128</ymin>
<xmax>232</xmax>
<ymax>156</ymax>
</bndbox>
</object>
<object>
<name>Re1(no dot)</name>
<pose>Unspecified</pose>
<truncated>0</truncated>
<difficult>0</difficult>
<bndbox>
<xmin>384</xmin>
<ymin>348</ymin>
<xmax>400</xmax>
<ymax>381</ymax>
</bndbox>
</object>
<object>
<name>Re1(no dot)</name>
<pose>Unspecified</pose>
<truncated>0</truncated>
<difficult>0</difficult>
<bndbox>
<xmin>472</xmin>
<ymin>345</ymin>
<xmax>495</xmax>
<ymax>380</ymax>
</bndbox>
</object>
<object>
<name>Re1(no dot)</name>
<pose>Unspecified</pose>
<truncated>0</truncated>
<difficult>0</difficult>
<bndbox>
<xmin>25</xmin>
<ymin>242</ymin>
<xmax>44</xmax>
<ymax>270</ymax>
</bndbox>
</object>
<object>
<name>Ga(no dot)</name>
<pose>Unspecified</pose>
<truncated>0</truncated>
<difficult>0</difficult>
<bndbox>
<xmin>508</xmin>
<ymin>133</ymin>
<xmax>533</xmax>
<ymax>166</ymax>
</bndbox>
</object>
<object>
<name>Ga(no dot)</name>
<pose>Unspecified</pose>
<truncated>0</truncated>
<difficult>0</difficult>
<bndbox>
<xmin>437</xmin>
<ymin>242</ymin>
<xmax>459</xmax>
<ymax>268</ymax>
</bndbox>
</object>
<object>
<name>Ga(no dot)</name>
<pose>Unspecified</pose>
<truncated>0</truncated>
<difficult>0</difficult>
<bndbox>
<xmin>345</xmin>
<ymin>243</ymin>
<xmax>367</xmax>
<ymax>269</ymax>
</bndbox>
</object>
<object>
<name>Ga(no dot)</name>
<pose>Unspecified</pose>
<truncated>0</truncated>
<difficult>0</difficult>
<bndbox>
<xmin>172</xmin>
<ymin>241</ymin>
<xmax>192</xmax>
<ymax>269</ymax>
</bndbox>
</object>
<object>
<name>Ga(no dot)</name>
<pose>Unspecified</pose>
<truncated>0</truncated>
<difficult>0</difficult>
<bndbox>
<xmin>116</xmin>
<ymin>243</ymin>
<xmax>139</xmax>
<ymax>268</ymax>
</bndbox>
</object>
<object>
<name>Sa(dot above)</name>
<pose>Unspecified</pose>
<truncated>0</truncated>
<difficult>0</difficult>
<bndbox>
<xmin>296</xmin>
<ymin>25</ymin>
<xmax>324</xmax>
<ymax>49</ymax>
</bndbox>
</object>
<object>
<name>Sa(dot above)</name>
<pose>Unspecified</pose>
<truncated>0</truncated>
<difficult>0</difficult>
<bndbox>
<xmin>344</xmin>
<ymin>20</ymin>
<xmax>373</xmax>
<ymax>50</ymax>
</bndbox>
</object>
<object>
<name>Sa(dot above)</name>
<pose>Unspecified</pose>
<truncated>0</truncated>
<difficult>0</difficult>
<bndbox>
<xmin>389</xmin>
<ymin>23</ymin>
<xmax>412</xmax>
<ymax>51</ymax>
</bndbox>
</object>
<object>
<name>Sa(dot above)</name>
<pose>Unspecified</pose>
<truncated>0</truncated>
<difficult>0</difficult>
<bndbox>
<xmin>436</xmin>
<ymin>19</ymin>
<xmax>462</xmax>
<ymax>53</ymax>
</bndbox>
</object>
<object>
<name>Sa(dot above)</name>
<pose>Unspecified</pose>
<truncated>0</truncated>
<difficult>0</difficult>
<bndbox>
<xmin>476</xmin>
<ymin>24</ymin>
<xmax>506</xmax>
<ymax>50</ymax>
</bndbox>
</object>
<object>
<name>Sa(dot above)</name>
<pose>Unspecified</pose>
<truncated>0</truncated>
<difficult>0</difficult>
<bndbox>
<xmin>510</xmin>
<ymin>25</ymin>
<xmax>535</xmax>
<ymax>48</ymax>
</bndbox>
</object>
<object>
<name>Sa(dot above)</name>
<pose>Unspecified</pose>
<truncated>0</truncated>
<difficult>0</difficult>
<bndbox>
<xmin>75</xmin>
<ymin>328</ymin>
<xmax>99</xmax>
<ymax>348</ymax>
</bndbox>
</object>
<object>
<name>Sa(dot above)</name>
<pose>Unspecified</pose>
<truncated>0</truncated>
<difficult>0</difficult>
<bndbox>
<xmin>26</xmin>
<ymin>353</ymin>
<xmax>53</xmax>
<ymax>375</ymax>
</bndbox>
</object>
<object>
<name>Sa(dot above)</name>
<pose>Unspecified</pose>
<truncated>0</truncated>
<difficult>0</difficult>
<bndbox>
<xmin>75</xmin>
<ymin>132</ymin>
<xmax>105</xmax>
<ymax>155</ymax>
</bndbox>
</object>
<object>
<name>Sa(dot above)</name>
<pose>Unspecified</pose>
<truncated>0</truncated>
<difficult>0</difficult>
<bndbox>
<xmin>25</xmin>
<ymin>133</ymin>
<xmax>51</xmax>
<ymax>159</ymax>
</bndbox>
</object>
<object>
<name>Sa(dot above)</name>
<pose>Unspecified</pose>
<truncated>0</truncated>
<difficult>0</difficult>
<bndbox>
<xmin>119</xmin>
<ymin>107</ymin>
<xmax>141</xmax>
<ymax>132</ymax>
</bndbox>
</object>
<object>
<name>Re1(no dot)</name>
<pose>Unspecified</pose>
<truncated>0</truncated>
<difficult>0</difficult>
<bndbox>
<xmin>475</xmin>
<ymin>241</ymin>
<xmax>493</xmax>
<ymax>271</ymax>
</bndbox>
</object>
<object>
<name>Re1(dot above)</name>
<pose>Unspecified</pose>
<truncated>0</truncated>
<difficult>0</difficult>
<bndbox>
<xmin>82</xmin>
<ymin>350</ymin>
<xmax>100</xmax>
<ymax>381</ymax>
</bndbox>
</object>
<object>
<name>Re1(dot above)</name>
<pose>Unspecified</pose>
<truncated>0</truncated>
<difficult>0</difficult>
<bndbox>
<xmin>172</xmin>
<ymin>129</ymin>
<xmax>192</xmax>
<ymax>163</ymax>
</bndbox>
</object>
</annotation>
