<annotation>
<folder>images</folder>
<filename>4a82c403-10.PNG</filename>
<source>
<database>MyDatabase</database>
<annotation>COCO2017</annotation>
<image>flickr</image>
<flickrid>NULL</flickrid>
<annotator>1</annotator>
</source>
<owner>
<flickrid>NULL</flickrid>
<name>Label Studio</name>
</owner>
<size>
<width>490</width>
<height>229</height>
<depth>4</depth>
</size>
<segmented>0</segmented>
<object>
<name>Sa(no dot)</name>
<pose>Unspecified</pose>
<truncated>0</truncated>
<difficult>0</difficult>
<bndbox>
<xmin>10</xmin>
<ymin>8</ymin>
<xmax>29</xmax>
<ymax>29</ymax>
</bndbox>
</object>
<object>
<name>Sa(no dot)</name>
<pose>Unspecified</pose>
<truncated>0</truncated>
<difficult>0</difficult>
<bndbox>
<xmin>137</xmin>
<ymin>131</ymin>
<xmax>160</xmax>
<ymax>157</ymax>
</bndbox>
</object>
<object>
<name>Sa(no dot)</name>
<pose>Unspecified</pose>
<truncated>0</truncated>
<difficult>0</difficult>
<bndbox>
<xmin>177</xmin>
<ymin>130</ymin>
<xmax>203</xmax>
<ymax>153</ymax>
</bndbox>
</object>
<object>
<name>Sa(no dot)</name>
<pose>Unspecified</pose>
<truncated>0</truncated>
<difficult>0</difficult>
<bndbox>
<xmin>204</xmin>
<ymin>131</ymin>
<xmax>219</xmax>
<ymax>146</ymax>
</bndbox>
</object>
<object>
<name>Sa(no dot)</name>
<pose>Unspecified</pose>
<truncated>0</truncated>
<difficult>0</difficult>
<bndbox>
<xmin>409</xmin>
<ymin>26</ymin>
<xmax>437</xmax>
<ymax>51</ymax>
</bndbox>
</object>
<object>
<name>Dha(no dot)</name>
<pose>Unspecified</pose>
<truncated>0</truncated>
<difficult>0</difficult>
<bndbox>
<xmin>20</xmin>
<ymin>32</ymin>
<xmax>38</xmax>
<ymax>50</ymax>
</bndbox>
</object>
<object>
<name>Dha(no dot)</name>
<pose>Unspecified</pose>
<truncated>0</truncated>
<difficult>0</difficult>
<bndbox>
<xmin>45</xmin>
<ymin>30</ymin>
<xmax>63</xmax>
<ymax>52</ymax>
</bndbox>
</object>
<object>
<name>Dha(no dot)</name>
<pose>Unspecified</pose>
<truncated>0</truncated>
<difficult>0</difficult>
<bndbox>
<xmin>97</xmin>
<ymin>28</ymin>
<xmax>117</xmax>
<ymax>49</ymax>
</bndbox>
</object>
<object>
<name>Dha(dot below)</name>
<pose>Unspecified</pose>
<truncated>0</truncated>
<difficult>0</difficult>
<bndbox>
<xmin>73</xmin>
<ymin>131</ymin>
<xmax>92</xmax>
<ymax>159</ymax>
</bndbox>
</object>
<object>
<name>Dha(dot below)</name>
<pose>Unspecified</pose>
<truncated>0</truncated>
<difficult>0</difficult>
<bndbox>
<xmin>98</xmin>
<ymin>134</ymin>
<xmax>117</xmax>
<ymax>160</ymax>
</bndbox>
</object>
<object>
<name>Ma2(no dot)</name>
<pose>Unspecified</pose>
<truncated>0</truncated>
<difficult>0</difficult>
<bndbox>
<xmin>72</xmin>
<ymin>24</ymin>
<xmax>87</xmax>
<ymax>52</ymax>
</bndbox>
</object>
<object>
<name>Ma2(no dot)</name>
<pose>Unspecified</pose>
<truncated>0</truncated>
<difficult>0</difficult>
<bndbox>
<xmin>135</xmin>
<ymin>22</ymin>
<xmax>154</xmax>
<ymax>50</ymax>
</bndbox>
</object>
<object>
<name>Ma2(no dot)</name>
<pose>Unspecified</pose>
<truncated>0</truncated>
<difficult>0</difficult>
<bndbox>
<xmin>327</xmin>
<ymin>22</ymin>
<xmax>346</xmax>
<ymax>51</ymax>
</bndbox>
</object>
<object>
<name>Ma2(no dot)</name>
<pose>Unspecified</pose>
<truncated>0</truncated>
<difficult>0</difficult>
<bndbox>
<xmin>329</xmin>
<ymin>125</ymin>
<xmax>347</xmax>
<ymax>154</ymax>
</bndbox>
</object>
<object>
<name>Re1(no dot)</name>
<pose>Unspecified</pose>
<truncated>0</truncated>
<difficult>0</difficult>
<bndbox>
<xmin>248</xmin>
<ymin>128</ymin>
<xmax>269</xmax>
<ymax>159</ymax>
</bndbox>
</object>
<object>
<name>Re1(no dot)</name>
<pose>Unspecified</pose>
<truncated>0</truncated>
<difficult>0</difficult>
<bndbox>
<xmin>283</xmin>
<ymin>125</ymin>
<xmax>296</xmax>
<ymax>150</ymax>
</bndbox>
</object>
<object>
<name>Re1(no dot)</name>
<pose>Unspecified</pose>
<truncated>0</truncated>
<difficult>0</difficult>
<bndbox>
<xmin>387</xmin>
<ymin>125</ymin>
<xmax>403</xmax>
<ymax>158</ymax>
</bndbox>
</object>
<object>
<name>Re1(no dot)</name>
<pose>Unspecified</pose>
<truncated>0</truncated>
<difficult>0</difficult>
<bndbox>
<xmin>388</xmin>
<ymin>25</ymin>
<xmax>402</xmax>
<ymax>57</ymax>
</bndbox>
</object>
<object>
<name>Re1(no dot)</name>
<pose>Unspecified</pose>
<truncated>0</truncated>
<difficult>0</difficult>
<bndbox>
<xmin>250</xmin>
<ymin>23</ymin>
<xmax>264</xmax>
<ymax>56</ymax>
</bndbox>
</object>
<object>
<name>Re1(no dot)</name>
<pose>Unspecified</pose>
<truncated>0</truncated>
<difficult>0</difficult>
<bndbox>
<xmin>284</xmin>
<ymin>23</ymin>
<xmax>298</xmax>
<ymax>48</ymax>
</bndbox>
</object>
<object>
<name>Re1(no dot)</name>
<pose>Unspecified</pose>
<truncated>0</truncated>
<difficult>0</difficult>
<bndbox>
<xmin>189</xmin>
<ymin>23</ymin>
<xmax>203</xmax>
<ymax>56</ymax>
</bndbox>
</object>
<object>
<name>Re1(no dot)</name>
<pose>Unspecified</pose>
<truncated>0</truncated>
<difficult>0</difficult>
<bndbox>
<xmin>215</xmin>
<ymin>23</ymin>
<xmax>232</xmax>
<ymax>54</ymax>
</bndbox>
</object>
<object>
<name>Dha(dot below)</name>
<pose>Unspecified</pose>
<truncated>0</truncated>
<difficult>0</difficult>
<bndbox>
<xmin>4</xmin>
<ymin>113</ymin>
<xmax>22</xmax>
<ymax>131</ymax>
</bndbox>
</object>
<object>
<name>Sa(no dot)</name>
<pose>Unspecified</pose>
<truncated>0</truncated>
<difficult>0</difficult>
<bndbox>
<xmin>412</xmin>
<ymin>132</ymin>
<xmax>438</xmax>
<ymax>154</ymax>
</bndbox>
</object>
<object>
<name>Ga(no dot)</name>
<pose>Unspecified</pose>
<truncated>0</truncated>
<difficult>0</difficult>
<bndbox>
<xmin>272</xmin>
<ymin>131</ymin>
<xmax>281</xmax>
<ymax>149</ymax>
</bndbox>
</object>
<object>
<name>Ga(no dot)</name>
<pose>Unspecified</pose>
<truncated>0</truncated>
<difficult>0</difficult>
<bndbox>
<xmin>303</xmin>
<ymin>133</ymin>
<xmax>320</xmax>
<ymax>153</ymax>
</bndbox>
</object>
<object>
<name>Ga(no dot)</name>
<pose>Unspecified</pose>
<truncated>0</truncated>
<difficult>0</difficult>
<bndbox>
<xmin>363</xmin>
<ymin>129</ymin>
<xmax>382</xmax>
<ymax>155</ymax>
</bndbox>
</object>
<object>
<name>Ga(no dot)</name>
<pose>Unspecified</pose>
<truncated>0</truncated>
<difficult>0</difficult>
<bndbox>
<xmin>364</xmin>
<ymin>30</ymin>
<xmax>381</xmax>
<ymax>54</ymax>
</bndbox>
</object>
<object>
<name>Ga(no dot)</name>
<pose>Unspecified</pose>
<truncated>0</truncated>
<difficult>0</difficult>
<bndbox>
<xmin>303</xmin>
<ymin>30</ymin>
<xmax>318</xmax>
<ymax>52</ymax>
</bndbox>
</object>
<object>
<name>Ga(no dot)</name>
<pose>Unspecified</pose>
<truncated>0</truncated>
<difficult>0</difficult>
<bndbox>
<xmin>161</xmin>
<ymin>29</ymin>
<xmax>179</xmax>
<ymax>51</ymax>
</bndbox>
</object>
<object>
<name>Ni(dot below)</name>
<pose>Unspecified</pose>
<truncated>0</truncated>
<difficult>0</difficult>
<bndbox>
<xmin>221</xmin>
<ymin>126</ymin>
<xmax>234</xmax>
<ymax>150</ymax>
</bndbox>
</object>
<object>
<name>Ma2(dot below)</name>
<pose>Unspecified</pose>
<truncated>0</truncated>
<difficult>0</difficult>
<bndbox>
<xmin>23</xmin>
<ymin>129</ymin>
<xmax>37</xmax>
<ymax>159</ymax>
</bndbox>
</object>
<object>
<name>Ga(no dot)</name>
<pose>Unspecified</pose>
<truncated>0</truncated>
<difficult>0</difficult>
<bndbox>
<xmin>271</xmin>
<ymin>26</ymin>
<xmax>284</xmax>
<ymax>47</ymax>
</bndbox>
</object>
</annotation>
