<annotation>
<folder>images</folder>
<filename>79e168cd-30.PNG</filename>
<source>
<database>MyDatabase</database>
<annotation>COCO2017</annotation>
<image>flickr</image>
<flickrid>NULL</flickrid>
<annotator>1</annotator>
</source>
<owner>
<flickrid>NULL</flickrid>
<name>Label Studio</name>
</owner>
<size>
<width>539</width>
<height>391</height>
<depth>4</depth>
</size>
<segmented>0</segmented>
<object>
<name>Dha(no dot)</name>
<pose>Unspecified</pose>
<truncated>0</truncated>
<difficult>0</difficult>
<bndbox>
<xmin>11</xmin>
<ymin>0</ymin>
<xmax>25</xmax>
<ymax>12</ymax>
</bndbox>
</object>
<object>
<name>Dha(no dot)</name>
<pose>Unspecified</pose>
<truncated>0</truncated>
<difficult>0</difficult>
<bndbox>
<xmin>27</xmin>
<ymin>20</ymin>
<xmax>38</xmax>
<ymax>34</ymax>
</bndbox>
</object>
<object>
<name>Dha(no dot)</name>
<pose>Unspecified</pose>
<truncated>0</truncated>
<difficult>0</difficult>
<bndbox>
<xmin>467</xmin>
<ymin>0</ymin>
<xmax>481</xmax>
<ymax>8</ymax>
</bndbox>
</object>
<object>
<name>Dha(no dot)</name>
<pose>Unspecified</pose>
<truncated>0</truncated>
<difficult>0</difficult>
<bndbox>
<xmin>10</xmin>
<ymin>287</ymin>
<xmax>21</xmax>
<ymax>302</ymax>
</bndbox>
</object>
<object>
<name>Dha(no dot)</name>
<pose>Unspecified</pose>
<truncated>0</truncated>
<difficult>0</difficult>
<bndbox>
<xmin>63</xmin>
<ymin>287</ymin>
<xmax>79</xmax>
<ymax>302</ymax>
</bndbox>
</object>
<object>
<name>Dha(no dot)</name>
<pose>Unspecified</pose>
<truncated>0</truncated>
<difficult>0</difficult>
<bndbox>
<xmin>40</xmin>
<ymin>308</ymin>
<xmax>57</xmax>
<ymax>326</ymax>
</bndbox>
</object>
<object>
<name>Sa(dot above)</name>
<pose>Unspecified</pose>
<truncated>0</truncated>
<difficult>0</difficult>
<bndbox>
<xmin>43</xmin>
<ymin>16</ymin>
<xmax>55</xmax>
<ymax>34</ymax>
</bndbox>
</object>
<object>
<name>Sa(dot above)</name>
<pose>Unspecified</pose>
<truncated>0</truncated>
<difficult>0</difficult>
<bndbox>
<xmin>58</xmin>
<ymin>18</ymin>
<xmax>73</xmax>
<ymax>33</ymax>
</bndbox>
</object>
<object>
<name>Sa(dot above)</name>
<pose>Unspecified</pose>
<truncated>0</truncated>
<difficult>0</difficult>
<bndbox>
<xmin>76</xmin>
<ymin>16</ymin>
<xmax>88</xmax>
<ymax>35</ymax>
</bndbox>
</object>
<object>
<name>Sa(dot above)</name>
<pose>Unspecified</pose>
<truncated>0</truncated>
<difficult>0</difficult>
<bndbox>
<xmin>92</xmin>
<ymin>16</ymin>
<xmax>105</xmax>
<ymax>33</ymax>
</bndbox>
</object>
<object>
<name>Sa(dot above)</name>
<pose>Unspecified</pose>
<truncated>0</truncated>
<difficult>0</difficult>
<bndbox>
<xmin>110</xmin>
<ymin>13</ymin>
<xmax>121</xmax>
<ymax>33</ymax>
</bndbox>
</object>
<object>
<name>Sa(dot above)</name>
<pose>Unspecified</pose>
<truncated>0</truncated>
<difficult>0</difficult>
<bndbox>
<xmin>124</xmin>
<ymin>16</ymin>
<xmax>138</xmax>
<ymax>36</ymax>
</bndbox>
</object>
<object>
<name>Sa(dot above)</name>
<pose>Unspecified</pose>
<truncated>0</truncated>
<difficult>0</difficult>
<bndbox>
<xmin>201</xmin>
<ymin>13</ymin>
<xmax>222</xmax>
<ymax>40</ymax>
</bndbox>
</object>
<object>
<name>Sa(dot above)</name>
<pose>Unspecified</pose>
<truncated>0</truncated>
<difficult>0</difficult>
<bndbox>
<xmin>256</xmin>
<ymin>15</ymin>
<xmax>272</xmax>
<ymax>34</ymax>
</bndbox>
</object>
<object>
<name>Sa(dot above)</name>
<pose>Unspecified</pose>
<truncated>0</truncated>
<difficult>0</difficult>
<bndbox>
<xmin>275</xmin>
<ymin>15</ymin>
<xmax>293</xmax>
<ymax>35</ymax>
</bndbox>
</object>
<object>
<name>Sa(dot above)</name>
<pose>Unspecified</pose>
<truncated>0</truncated>
<difficult>0</difficult>
<bndbox>
<xmin>295</xmin>
<ymin>13</ymin>
<xmax>315</xmax>
<ymax>38</ymax>
</bndbox>
</object>
<object>
<name>Sa(dot above)</name>
<pose>Unspecified</pose>
<truncated>0</truncated>
<difficult>0</difficult>
<bndbox>
<xmin>261</xmin>
<ymin>305</ymin>
<xmax>284</xmax>
<ymax>329</ymax>
</bndbox>
</object>
<object>
<name>Sa(dot above)</name>
<pose>Unspecified</pose>
<truncated>0</truncated>
<difficult>0</difficult>
<bndbox>
<xmin>291</xmin>
<ymin>304</ymin>
<xmax>306</xmax>
<ymax>326</ymax>
</bndbox>
</object>
<object>
<name>Sa(dot above)</name>
<pose>Unspecified</pose>
<truncated>0</truncated>
<difficult>0</difficult>
<bndbox>
<xmin>138</xmin>
<ymin>307</ymin>
<xmax>155</xmax>
<ymax>325</ymax>
</bndbox>
</object>
<object>
<name>Sa(dot above)</name>
<pose>Unspecified</pose>
<truncated>0</truncated>
<difficult>0</difficult>
<bndbox>
<xmin>65</xmin>
<ymin>307</ymin>
<xmax>92</xmax>
<ymax>328</ymax>
</bndbox>
</object>
<object>
<name>Ni(no dot)</name>
<pose>Unspecified</pose>
<truncated>0</truncated>
<difficult>0</difficult>
<bndbox>
<xmin>96</xmin>
<ymin>305</ymin>
<xmax>125</xmax>
<ymax>331</ymax>
</bndbox>
</object>
<object>
<name>Ma2(no dot)</name>
<pose>Unspecified</pose>
<truncated>0</truncated>
<difficult>0</difficult>
<bndbox>
<xmin>9</xmin>
<ymin>305</ymin>
<xmax>27</xmax>
<ymax>329</ymax>
</bndbox>
</object>
<object>
<name>Re1(dot above)</name>
<pose>Unspecified</pose>
<truncated>0</truncated>
<difficult>0</difficult>
<bndbox>
<xmin>149</xmin>
<ymin>13</ymin>
<xmax>167</xmax>
<ymax>40</ymax>
</bndbox>
</object>
<object>
<name>Re1(dot above)</name>
<pose>Unspecified</pose>
<truncated>0</truncated>
<difficult>0</difficult>
<bndbox>
<xmin>345</xmin>
<ymin>8</ymin>
<xmax>361</xmax>
<ymax>38</ymax>
</bndbox>
</object>
<object>
<name>Re1(dot above)</name>
<pose>Unspecified</pose>
<truncated>0</truncated>
<difficult>0</difficult>
<bndbox>
<xmin>421</xmin>
<ymin>8</ymin>
<xmax>433</xmax>
<ymax>34</ymax>
</bndbox>
</object>
<object>
<name>Re1(dot above)</name>
<pose>Unspecified</pose>
<truncated>0</truncated>
<difficult>0</difficult>
<bndbox>
<xmin>388</xmin>
<ymin>285</ymin>
<xmax>407</xmax>
<ymax>305</ymax>
</bndbox>
</object>
<object>
<name>Re1(dot above)</name>
<pose>Unspecified</pose>
<truncated>0</truncated>
<difficult>0</difficult>
<bndbox>
<xmin>329</xmin>
<ymin>304</ymin>
<xmax>346</xmax>
<ymax>332</ymax>
</bndbox>
</object>
<object>
<name>Re1(dot above)</name>
<pose>Unspecified</pose>
<truncated>0</truncated>
<difficult>0</difficult>
<bndbox>
<xmin>354</xmin>
<ymin>305</ymin>
<xmax>374</xmax>
<ymax>334</ymax>
</bndbox>
</object>
<object>
<name>Re1(dot above)</name>
<pose>Unspecified</pose>
<truncated>0</truncated>
<difficult>0</difficult>
<bndbox>
<xmin>179</xmin>
<ymin>302</ymin>
<xmax>195</xmax>
<ymax>333</ymax>
</bndbox>
</object>
<object>
<name>Sa(dot above)</name>
<pose>Unspecified</pose>
<truncated>0</truncated>
<difficult>0</difficult>
<bndbox>
<xmin>199</xmin>
<ymin>305</ymin>
<xmax>223</xmax>
<ymax>334</ymax>
</bndbox>
</object>
<object>
<name>Ni(no dot)</name>
<pose>Unspecified</pose>
<truncated>0</truncated>
<difficult>0</difficult>
<bndbox>
<xmin>155</xmin>
<ymin>304</ymin>
<xmax>172</xmax>
<ymax>324</ymax>
</bndbox>
</object>
<object>
<name>Ni(no dot)</name>
<pose>Unspecified</pose>
<truncated>0</truncated>
<difficult>0</difficult>
<bndbox>
<xmin>310</xmin>
<ymin>305</ymin>
<xmax>323</xmax>
<ymax>327</ymax>
</bndbox>
</object>
<object>
<name>Ni(no dot)</name>
<pose>Unspecified</pose>
<truncated>0</truncated>
<difficult>0</difficult>
<bndbox>
<xmin>256</xmin>
<ymin>285</ymin>
<xmax>280</xmax>
<ymax>303</ymax>
</bndbox>
</object>
<object>
<name>Ni(no dot)</name>
<pose>Unspecified</pose>
<truncated>0</truncated>
<difficult>0</difficult>
<bndbox>
<xmin>437</xmin>
<ymin>6</ymin>
<xmax>452</xmax>
<ymax>33</ymax>
</bndbox>
</object>
<object>
<name>Ni(no dot)</name>
<pose>Unspecified</pose>
<truncated>0</truncated>
<difficult>0</difficult>
<bndbox>
<xmin>404</xmin>
<ymin>8</ymin>
<xmax>419</xmax>
<ymax>32</ymax>
</bndbox>
</object>
<object>
<name>Ni(no dot)</name>
<pose>Unspecified</pose>
<truncated>0</truncated>
<difficult>0</difficult>
<bndbox>
<xmin>384</xmin>
<ymin>9</ymin>
<xmax>402</xmax>
<ymax>35</ymax>
</bndbox>
</object>
<object>
<name>Ni(no dot)</name>
<pose>Unspecified</pose>
<truncated>0</truncated>
<difficult>0</difficult>
<bndbox>
<xmin>323</xmin>
<ymin>10</ymin>
<xmax>342</xmax>
<ymax>38</ymax>
</bndbox>
</object>
<object>
<name>Ni(no dot)</name>
<pose>Unspecified</pose>
<truncated>0</truncated>
<difficult>0</difficult>
<bndbox>
<xmin>253</xmin>
<ymin>0</ymin>
<xmax>273</xmax>
<ymax>11</ymax>
</bndbox>
</object>
<object>
<name>Sa(no dot)</name>
<pose>Unspecified</pose>
<truncated>0</truncated>
<difficult>0</difficult>
<bndbox>
<xmin>380</xmin>
<ymin>0</ymin>
<xmax>400</xmax>
<ymax>9</ymax>
</bndbox>
</object>
<object>
<name>Sa(no dot)</name>
<pose>Unspecified</pose>
<truncated>0</truncated>
<difficult>0</difficult>
<bndbox>
<xmin>442</xmin>
<ymin>307</ymin>
<xmax>469</xmax>
<ymax>329</ymax>
</bndbox>
</object>
<object>
<name>Sa(no dot)</name>
<pose>Unspecified</pose>
<truncated>0</truncated>
<difficult>0</difficult>
<bndbox>
<xmin>485</xmin>
<ymin>304</ymin>
<xmax>506</xmax>
<ymax>326</ymax>
</bndbox>
</object>
<object>
<name>Ga(no dot)</name>
<pose>Unspecified</pose>
<truncated>0</truncated>
<difficult>0</difficult>
<bndbox>
<xmin>423</xmin>
<ymin>287</ymin>
<xmax>436</xmax>
<ymax>304</ymax>
</bndbox>
</object>
<object>
<name>Ga(no dot)</name>
<pose>Unspecified</pose>
<truncated>0</truncated>
<difficult>0</difficult>
<bndbox>
<xmin>491</xmin>
<ymin>13</ymin>
<xmax>506</xmax>
<ymax>24</ymax>
</bndbox>
</object>
<object>
<name>Ma2(no dot)</name>
<pose>Unspecified</pose>
<truncated>0</truncated>
<difficult>0</difficult>
<bndbox>
<xmin>472</xmin>
<ymin>11</ymin>
<xmax>487</xmax>
<ymax>30</ymax>
</bndbox>
</object>
<object>
<name>Dha(no dot)</name>
<pose>Unspecified</pose>
<truncated>0</truncated>
<difficult>0</difficult>
<bndbox>
<xmin>454</xmin>
<ymin>11</ymin>
<xmax>468</xmax>
<ymax>29</ymax>
</bndbox>
</object>
<object>
<name>Ma2(no dot)</name>
<pose>Unspecified</pose>
<truncated>0</truncated>
<difficult>0</difficult>
<bndbox>
<xmin>13</xmin>
<ymin>15</ymin>
<xmax>26</xmax>
<ymax>35</ymax>
</bndbox>
</object>
<object>
<name>Re1(no dot)</name>
<pose>Unspecified</pose>
<truncated>0</truncated>
<difficult>0</difficult>
<bndbox>
<xmin>391</xmin>
<ymin>307</ymin>
<xmax>411</xmax>
<ymax>335</ymax>
</bndbox>
</object>
<object>
<name>Re1(no dot)</name>
<pose>Unspecified</pose>
<truncated>0</truncated>
<difficult>0</difficult>
<bndbox>
<xmin>420</xmin>
<ymin>307</ymin>
<xmax>438</xmax>
<ymax>331</ymax>
</bndbox>
</object>
</annotation>
