<annotation>
<folder>images</folder>
<filename>814b29ec-img11.png</filename>
<source>
<database>MyDatabase</database>
<annotation>COCO2017</annotation>
<image>flickr</image>
<flickrid>NULL</flickrid>
<annotator>1</annotator>
</source>
<owner>
<flickrid>NULL</flickrid>
<name>Label Studio</name>
</owner>
<size>
<width>506</width>
<height>418</height>
<depth>4</depth>
</size>
<segmented>0</segmented>
<object>
<name>Ni(no dot)</name>
<pose>Unspecified</pose>
<truncated>0</truncated>
<difficult>0</difficult>
<bndbox>
<xmin>24</xmin>
<ymin>10</ymin>
<xmax>38</xmax>
<ymax>28</ymax>
</bndbox>
</object>
<object>
<name>Ni(no dot)</name>
<pose>Unspecified</pose>
<truncated>0</truncated>
<difficult>0</difficult>
<bndbox>
<xmin>372</xmin>
<ymin>5</ymin>
<xmax>392</xmax>
<ymax>20</ymax>
</bndbox>
</object>
<object>
<name>Ni(no dot)</name>
<pose>Unspecified</pose>
<truncated>0</truncated>
<difficult>0</difficult>
<bndbox>
<xmin>7</xmin>
<ymin>311</ymin>
<xmax>22</xmax>
<ymax>327</ymax>
</bndbox>
</object>
<object>
<name>Ni(no dot)</name>
<pose>Unspecified</pose>
<truncated>0</truncated>
<difficult>0</difficult>
<bndbox>
<xmin>176</xmin>
<ymin>327</ymin>
<xmax>199</xmax>
<ymax>346</ymax>
</bndbox>
</object>
<object>
<name>Ni(no dot)</name>
<pose>Unspecified</pose>
<truncated>0</truncated>
<difficult>0</difficult>
<bndbox>
<xmin>246</xmin>
<ymin>325</ymin>
<xmax>269</xmax>
<ymax>345</ymax>
</bndbox>
</object>
<object>
<name>Ni(no dot)</name>
<pose>Unspecified</pose>
<truncated>0</truncated>
<difficult>0</difficult>
<bndbox>
<xmin>274</xmin>
<ymin>325</ymin>
<xmax>291</xmax>
<ymax>344</ymax>
</bndbox>
</object>
<object>
<name>Sa(dot above)</name>
<pose>Unspecified</pose>
<truncated>0</truncated>
<difficult>0</difficult>
<bndbox>
<xmin>25</xmin>
<ymin>32</ymin>
<xmax>47</xmax>
<ymax>55</ymax>
</bndbox>
</object>
<object>
<name>Sa(dot above)</name>
<pose>Unspecified</pose>
<truncated>0</truncated>
<difficult>0</difficult>
<bndbox>
<xmin>52</xmin>
<ymin>31</ymin>
<xmax>71</xmax>
<ymax>54</ymax>
</bndbox>
</object>
<object>
<name>Sa(dot above)</name>
<pose>Unspecified</pose>
<truncated>0</truncated>
<difficult>0</difficult>
<bndbox>
<xmin>375</xmin>
<ymin>24</ymin>
<xmax>396</xmax>
<ymax>46</ymax>
</bndbox>
</object>
<object>
<name>Sa(dot above)</name>
<pose>Unspecified</pose>
<truncated>0</truncated>
<difficult>0</difficult>
<bndbox>
<xmin>435</xmin>
<ymin>22</ymin>
<xmax>458</xmax>
<ymax>47</ymax>
</bndbox>
</object>
<object>
<name>Sa(dot above)</name>
<pose>Unspecified</pose>
<truncated>0</truncated>
<difficult>0</difficult>
<bndbox>
<xmin>14</xmin>
<ymin>331</ymin>
<xmax>30</xmax>
<ymax>353</ymax>
</bndbox>
</object>
<object>
<name>Sa(dot above)</name>
<pose>Unspecified</pose>
<truncated>0</truncated>
<difficult>0</difficult>
<bndbox>
<xmin>37</xmin>
<ymin>329</ymin>
<xmax>58</xmax>
<ymax>353</ymax>
</bndbox>
</object>
<object>
<name>Sa(dot above)</name>
<pose>Unspecified</pose>
<truncated>0</truncated>
<difficult>0</difficult>
<bndbox>
<xmin>211</xmin>
<ymin>326</ymin>
<xmax>231</xmax>
<ymax>346</ymax>
</bndbox>
</object>
<object>
<name>Sa(dot above)</name>
<pose>Unspecified</pose>
<truncated>0</truncated>
<difficult>0</difficult>
<bndbox>
<xmin>245</xmin>
<ymin>306</ymin>
<xmax>261</xmax>
<ymax>320</ymax>
</bndbox>
</object>
<object>
<name>Sa(dot above)</name>
<pose>Unspecified</pose>
<truncated>0</truncated>
<difficult>0</difficult>
<bndbox>
<xmin>300</xmin>
<ymin>322</ymin>
<xmax>319</xmax>
<ymax>346</ymax>
</bndbox>
</object>
<object>
<name>Sa(dot above)</name>
<pose>Unspecified</pose>
<truncated>0</truncated>
<difficult>0</difficult>
<bndbox>
<xmin>384</xmin>
<ymin>319</ymin>
<xmax>404</xmax>
<ymax>344</ymax>
</bndbox>
</object>
<object>
<name>Ni1(no dot)</name>
<pose>Unspecified</pose>
<truncated>0</truncated>
<difficult>0</difficult>
<bndbox>
<xmin>80</xmin>
<ymin>26</ymin>
<xmax>101</xmax>
<ymax>58</ymax>
</bndbox>
</object>
<object>
<name>Ni1(no dot)</name>
<pose>Unspecified</pose>
<truncated>0</truncated>
<difficult>0</difficult>
<bndbox>
<xmin>108</xmin>
<ymin>27</ymin>
<xmax>130</xmax>
<ymax>54</ymax>
</bndbox>
</object>
<object>
<name>Ni1(no dot)</name>
<pose>Unspecified</pose>
<truncated>0</truncated>
<difficult>0</difficult>
<bndbox>
<xmin>410</xmin>
<ymin>319</ymin>
<xmax>432</xmax>
<ymax>346</ymax>
</bndbox>
</object>
<object>
<name>Ni(no dot)</name>
<pose>Unspecified</pose>
<truncated>0</truncated>
<difficult>0</difficult>
<bndbox>
<xmin>405</xmin>
<ymin>26</ymin>
<xmax>425</xmax>
<ymax>45</ymax>
</bndbox>
</object>
<object>
<name>Ni(no dot)</name>
<pose>Unspecified</pose>
<truncated>0</truncated>
<difficult>0</difficult>
<bndbox>
<xmin>356</xmin>
<ymin>321</ymin>
<xmax>379</xmax>
<ymax>343</ymax>
</bndbox>
</object>
<object>
<name>Dha(no dot)</name>
<pose>Unspecified</pose>
<truncated>0</truncated>
<difficult>0</difficult>
<bndbox>
<xmin>144</xmin>
<ymin>32</ymin>
<xmax>162</xmax>
<ymax>50</ymax>
</bndbox>
</object>
<object>
<name>Dha(no dot)</name>
<pose>Unspecified</pose>
<truncated>0</truncated>
<difficult>0</difficult>
<bndbox>
<xmin>171</xmin>
<ymin>32</ymin>
<xmax>185</xmax>
<ymax>48</ymax>
</bndbox>
</object>
<object>
<name>Dha(no dot)</name>
<pose>Unspecified</pose>
<truncated>0</truncated>
<difficult>0</difficult>
<bndbox>
<xmin>343</xmin>
<ymin>27</ymin>
<xmax>359</xmax>
<ymax>47</ymax>
</bndbox>
</object>
<object>
<name>Dha(no dot)</name>
<pose>Unspecified</pose>
<truncated>0</truncated>
<difficult>0</difficult>
<bndbox>
<xmin>441</xmin>
<ymin>322</ymin>
<xmax>455</xmax>
<ymax>343</ymax>
</bndbox>
</object>
<object>
<name>Ma(no dot)</name>
<pose>Unspecified</pose>
<truncated>0</truncated>
<difficult>0</difficult>
<bndbox>
<xmin>263</xmin>
<ymin>7</ymin>
<xmax>281</xmax>
<ymax>23</ymax>
</bndbox>
</object>
<object>
<name>Ma(no dot)</name>
<pose>Unspecified</pose>
<truncated>0</truncated>
<difficult>0</difficult>
<bndbox>
<xmin>292</xmin>
<ymin>27</ymin>
<xmax>305</xmax>
<ymax>50</ymax>
</bndbox>
</object>
<object>
<name>Ma(no dot)</name>
<pose>Unspecified</pose>
<truncated>0</truncated>
<difficult>0</difficult>
<bndbox>
<xmin>203</xmin>
<ymin>32</ymin>
<xmax>219</xmax>
<ymax>51</ymax>
</bndbox>
</object>
<object>
<name>Ga(dot above)</name>
<pose>Unspecified</pose>
<truncated>0</truncated>
<difficult>0</difficult>
<bndbox>
<xmin>67</xmin>
<ymin>328</ymin>
<xmax>84</xmax>
<ymax>352</ymax>
</bndbox>
</object>
<object>
<name>Ga(dot above)</name>
<pose>Unspecified</pose>
<truncated>0</truncated>
<difficult>0</difficult>
<bndbox>
<xmin>128</xmin>
<ymin>324</ymin>
<xmax>144</xmax>
<ymax>351</ymax>
</bndbox>
</object>
<object>
<name>Ga(dot above)</name>
<pose>Unspecified</pose>
<truncated>0</truncated>
<difficult>0</difficult>
<bndbox>
<xmin>153</xmin>
<ymin>326</ymin>
<xmax>171</xmax>
<ymax>353</ymax>
</bndbox>
</object>
<object>
<name>Ga(no dot)</name>
<pose>Unspecified</pose>
<truncated>0</truncated>
<difficult>0</difficult>
<bndbox>
<xmin>265</xmin>
<ymin>30</ymin>
<xmax>281</xmax>
<ymax>47</ymax>
</bndbox>
</object>
<object>
<name>Ga(no dot)</name>
<pose>Unspecified</pose>
<truncated>0</truncated>
<difficult>0</difficult>
<bndbox>
<xmin>233</xmin>
<ymin>31</ymin>
<xmax>249</xmax>
<ymax>48</ymax>
</bndbox>
</object>
<object>
<name>Pa(no dot)</name>
<pose>Unspecified</pose>
<truncated>0</truncated>
<difficult>0</difficult>
<bndbox>
<xmin>317</xmin>
<ymin>27</ymin>
<xmax>334</xmax>
<ymax>46</ymax>
</bndbox>
</object>
<object>
<name>Ma(dot above)</name>
<pose>Unspecified</pose>
<truncated>0</truncated>
<difficult>0</difficult>
<bndbox>
<xmin>92</xmin>
<ymin>329</ymin>
<xmax>105</xmax>
<ymax>347</ymax>
</bndbox>
</object>
<object>
<name>Re(dot above)</name>
<pose>Unspecified</pose>
<truncated>0</truncated>
<difficult>0</difficult>
<bndbox>
<xmin>145</xmin>
<ymin>304</ymin>
<xmax>156</xmax>
<ymax>324</ymax>
</bndbox>
</object>
<object>
<name>Re(dot above)</name>
<pose>Unspecified</pose>
<truncated>0</truncated>
<difficult>0</difficult>
<bndbox>
<xmin>167</xmin>
<ymin>305</ymin>
<xmax>184</xmax>
<ymax>327</ymax>
</bndbox>
</object>
</annotation>
