<annotation>
<folder>images</folder>
<filename>82ece67b-Screenshot_2024-01-16_184439.png</filename>
<source>
<database>MyDatabase</database>
<annotation>COCO2017</annotation>
<image>flickr</image>
<flickrid>NULL</flickrid>
<annotator>1</annotator>
</source>
<owner>
<flickrid>NULL</flickrid>
<name>Label Studio</name>
</owner>
<size>
<width>565</width>
<height>372</height>
<depth>4</depth>
</size>
<segmented>0</segmented>
<object>
<name>Ni(no dot)</name>
<pose>Unspecified</pose>
<truncated>0</truncated>
<difficult>0</difficult>
<bndbox>
<xmin>17</xmin>
<ymin>11</ymin>
<xmax>43</xmax>
<ymax>36</ymax>
</bndbox>
</object>
<object>
<name>Sa(dot above)</name>
<pose>Unspecified</pose>
<truncated>0</truncated>
<difficult>0</difficult>
<bndbox>
<xmin>17</xmin>
<ymin>36</ymin>
<xmax>46</xmax>
<ymax>60</ymax>
</bndbox>
</object>
<object>
<name>Sa(dot above)</name>
<pose>Unspecified</pose>
<truncated>0</truncated>
<difficult>0</difficult>
<bndbox>
<xmin>116</xmin>
<ymin>37</ymin>
<xmax>138</xmax>
<ymax>65</ymax>
</bndbox>
</object>
<object>
<name>Sa(dot above)</name>
<pose>Unspecified</pose>
<truncated>0</truncated>
<difficult>0</difficult>
<bndbox>
<xmin>445</xmin>
<ymin>41</ymin>
<xmax>463</xmax>
<ymax>64</ymax>
</bndbox>
</object>
<object>
<name>Sa(dot above)</name>
<pose>Unspecified</pose>
<truncated>0</truncated>
<difficult>0</difficult>
<bndbox>
<xmin>483</xmin>
<ymin>18</ymin>
<xmax>501</xmax>
<ymax>40</ymax>
</bndbox>
</object>
<object>
<name>Sa(dot above)</name>
<pose>Unspecified</pose>
<truncated>0</truncated>
<difficult>0</difficult>
<bndbox>
<xmin>432</xmin>
<ymin>132</ymin>
<xmax>448</xmax>
<ymax>152</ymax>
</bndbox>
</object>
<object>
<name>Sa(dot above)</name>
<pose>Unspecified</pose>
<truncated>0</truncated>
<difficult>0</difficult>
<bndbox>
<xmin>479</xmin>
<ymin>154</ymin>
<xmax>501</xmax>
<ymax>176</ymax>
</bndbox>
</object>
<object>
<name>Sa(dot above)</name>
<pose>Unspecified</pose>
<truncated>0</truncated>
<difficult>0</difficult>
<bndbox>
<xmin>510</xmin>
<ymin>155</ymin>
<xmax>530</xmax>
<ymax>179</ymax>
</bndbox>
</object>
<object>
<name>Sa(dot above)</name>
<pose>Unspecified</pose>
<truncated>0</truncated>
<difficult>0</difficult>
<bndbox>
<xmin>69</xmin>
<ymin>260</ymin>
<xmax>91</xmax>
<ymax>288</ymax>
</bndbox>
</object>
<object>
<name>Sa(dot above)</name>
<pose>Unspecified</pose>
<truncated>0</truncated>
<difficult>0</difficult>
<bndbox>
<xmin>114</xmin>
<ymin>264</ymin>
<xmax>132</xmax>
<ymax>288</ymax>
</bndbox>
</object>
<object>
<name>Sa(dot above)</name>
<pose>Unspecified</pose>
<truncated>0</truncated>
<difficult>0</difficult>
<bndbox>
<xmin>148</xmin>
<ymin>239</ymin>
<xmax>170</xmax>
<ymax>262</ymax>
</bndbox>
</object>
<object>
<name>Ga(no dot)</name>
<pose>Unspecified</pose>
<truncated>0</truncated>
<difficult>0</difficult>
<bndbox>
<xmin>293</xmin>
<ymin>270</ymin>
<xmax>314</xmax>
<ymax>290</ymax>
</bndbox>
</object>
<object>
<name>Dha(no dot)</name>
<pose>Unspecified</pose>
<truncated>0</truncated>
<difficult>0</difficult>
<bndbox>
<xmin>297</xmin>
<ymin>247</ymin>
<xmax>312</xmax>
<ymax>261</ymax>
</bndbox>
</object>
<object>
<name>Dha(no dot)</name>
<pose>Unspecified</pose>
<truncated>0</truncated>
<difficult>0</difficult>
<bndbox>
<xmin>256</xmin>
<ymin>268</ymin>
<xmax>274</xmax>
<ymax>288</ymax>
</bndbox>
</object>
<object>
<name>Pa(no dot)</name>
<pose>Unspecified</pose>
<truncated>0</truncated>
<difficult>0</difficult>
<bndbox>
<xmin>251</xmin>
<ymin>244</ymin>
<xmax>265</xmax>
<ymax>262</ymax>
</bndbox>
</object>
<object>
<name>Pa(no dot)</name>
<pose>Unspecified</pose>
<truncated>0</truncated>
<difficult>0</difficult>
<bndbox>
<xmin>200</xmin>
<ymin>267</ymin>
<xmax>218</xmax>
<ymax>286</ymax>
</bndbox>
</object>
<object>
<name>Dha(no dot)</name>
<pose>Unspecified</pose>
<truncated>0</truncated>
<difficult>0</difficult>
<bndbox>
<xmin>165</xmin>
<ymin>265</ymin>
<xmax>183</xmax>
<ymax>287</ymax>
</bndbox>
</object>
<object>
<name>Re(dot above)</name>
<pose>Unspecified</pose>
<truncated>0</truncated>
<difficult>0</difficult>
<bndbox>
<xmin>18</xmin>
<ymin>257</ymin>
<xmax>35</xmax>
<ymax>286</ymax>
</bndbox>
</object>
<object>
<name>Dha(no dot)</name>
<pose>Unspecified</pose>
<truncated>0</truncated>
<difficult>0</difficult>
<bndbox>
<xmin>445</xmin>
<ymin>160</ymin>
<xmax>460</xmax>
<ymax>178</ymax>
</bndbox>
</object>
<object>
<name>Pa(no dot)</name>
<pose>Unspecified</pose>
<truncated>0</truncated>
<difficult>0</difficult>
<bndbox>
<xmin>354</xmin>
<ymin>157</ymin>
<xmax>369</xmax>
<ymax>177</ymax>
</bndbox>
</object>
<object>
<name>Ni1(no dot)</name>
<pose>Unspecified</pose>
<truncated>0</truncated>
<difficult>0</difficult>
<bndbox>
<xmin>298</xmin>
<ymin>153</ymin>
<xmax>321</xmax>
<ymax>178</ymax>
</bndbox>
</object>
<object>
<name>Dha(no dot)</name>
<pose>Unspecified</pose>
<truncated>0</truncated>
<difficult>0</difficult>
<bndbox>
<xmin>256</xmin>
<ymin>156</ymin>
<xmax>275</xmax>
<ymax>176</ymax>
</bndbox>
</object>
<object>
<name>Ni(no dot)</name>
<pose>Unspecified</pose>
<truncated>0</truncated>
<difficult>0</difficult>
<bndbox>
<xmin>239</xmin>
<ymin>130</ymin>
<xmax>259</xmax>
<ymax>148</ymax>
</bndbox>
</object>
<object>
<name>Dha(no dot)</name>
<pose>Unspecified</pose>
<truncated>0</truncated>
<difficult>0</difficult>
<bndbox>
<xmin>167</xmin>
<ymin>155</ymin>
<xmax>185</xmax>
<ymax>175</ymax>
</bndbox>
</object>
<object>
<name>Dha(no dot)</name>
<pose>Unspecified</pose>
<truncated>0</truncated>
<difficult>0</difficult>
<bndbox>
<xmin>113</xmin>
<ymin>154</ymin>
<xmax>133</xmax>
<ymax>176</ymax>
</bndbox>
</object>
<object>
<name>Ga(no dot)</name>
<pose>Unspecified</pose>
<truncated>0</truncated>
<difficult>0</difficult>
<bndbox>
<xmin>74</xmin>
<ymin>152</ymin>
<xmax>93</xmax>
<ymax>176</ymax>
</bndbox>
</object>
<object>
<name>Ga(no dot)</name>
<pose>Unspecified</pose>
<truncated>0</truncated>
<difficult>0</difficult>
<bndbox>
<xmin>18</xmin>
<ymin>154</ymin>
<xmax>38</xmax>
<ymax>176</ymax>
</bndbox>
</object>
<object>
<name>Pa(no dot)</name>
<pose>Unspecified</pose>
<truncated>0</truncated>
<difficult>0</difficult>
<bndbox>
<xmin>19</xmin>
<ymin>131</ymin>
<xmax>30</xmax>
<ymax>145</ymax>
</bndbox>
</object>
<object>
<name>Pa(no dot)</name>
<pose>Unspecified</pose>
<truncated>0</truncated>
<difficult>0</difficult>
<bndbox>
<xmin>72</xmin>
<ymin>132</ymin>
<xmax>87</xmax>
<ymax>149</ymax>
</bndbox>
</object>
<object>
<name>Ni(no dot)</name>
<pose>Unspecified</pose>
<truncated>0</truncated>
<difficult>0</difficult>
<bndbox>
<xmin>150</xmin>
<ymin>126</ymin>
<xmax>168</xmax>
<ymax>149</ymax>
</bndbox>
</object>
<object>
<name>Ga(dot above)</name>
<pose>Unspecified</pose>
<truncated>0</truncated>
<difficult>0</difficult>
<bndbox>
<xmin>161</xmin>
<ymin>14</ymin>
<xmax>175</xmax>
<ymax>35</ymax>
</bndbox>
</object>
<object>
<name>Ga(dot above)</name>
<pose>Unspecified</pose>
<truncated>0</truncated>
<difficult>0</difficult>
<bndbox>
<xmin>209</xmin>
<ymin>39</ymin>
<xmax>223</xmax>
<ymax>65</ymax>
</bndbox>
</object>
<object>
<name>Ga(dot above)</name>
<pose>Unspecified</pose>
<truncated>0</truncated>
<difficult>0</difficult>
<bndbox>
<xmin>264</xmin>
<ymin>37</ymin>
<xmax>275</xmax>
<ymax>63</ymax>
</bndbox>
</object>
<object>
<name>Ga(dot above)</name>
<pose>Unspecified</pose>
<truncated>0</truncated>
<difficult>0</difficult>
<bndbox>
<xmin>298</xmin>
<ymin>18</ymin>
<xmax>315</xmax>
<ymax>35</ymax>
</bndbox>
</object>
<object>
<name>Ma(dot above)</name>
<pose>Unspecified</pose>
<truncated>0</truncated>
<difficult>0</difficult>
<bndbox>
<xmin>296</xmin>
<ymin>37</ymin>
<xmax>315</xmax>
<ymax>59</ymax>
</bndbox>
</object>
<object>
<name>Re(dot above)</name>
<pose>Unspecified</pose>
<truncated>0</truncated>
<difficult>0</difficult>
<bndbox>
<xmin>174</xmin>
<ymin>33</ymin>
<xmax>188</xmax>
<ymax>62</ymax>
</bndbox>
</object>
<object>
<name>Re(dot above)</name>
<pose>Unspecified</pose>
<truncated>0</truncated>
<difficult>0</difficult>
<bndbox>
<xmin>356</xmin>
<ymin>36</ymin>
<xmax>370</xmax>
<ymax>63</ymax>
</bndbox>
</object>
<object>
<name>Ni(no dot)</name>
<pose>Unspecified</pose>
<truncated>0</truncated>
<difficult>0</difficult>
<bndbox>
<xmin>427</xmin>
<ymin>18</ymin>
<xmax>447</xmax>
<ymax>40</ymax>
</bndbox>
</object>
<object>
<name>Dha(no dot)</name>
<pose>Unspecified</pose>
<truncated>0</truncated>
<difficult>0</difficult>
<bndbox>
<xmin>482</xmin>
<ymin>45</ymin>
<xmax>496</xmax>
<ymax>60</ymax>
</bndbox>
</object>
<object>
<name>Ni1(no dot)</name>
<pose>Unspecified</pose>
<truncated>0</truncated>
<difficult>0</difficult>
<bndbox>
<xmin>496</xmin>
<ymin>41</ymin>
<xmax>510</xmax>
<ymax>66</ymax>
</bndbox>
</object>
<object>
<name>Pa(no dot)</name>
<pose>Unspecified</pose>
<truncated>0</truncated>
<difficult>0</difficult>
<bndbox>
<xmin>519</xmin>
<ymin>47</ymin>
<xmax>536</xmax>
<ymax>67</ymax>
</bndbox>
</object>
</annotation>
