<annotation>
<folder>images</folder>
<filename>8d48ce6f-img83.png</filename>
<source>
<database>MyDatabase</database>
<annotation>COCO2017</annotation>
<image>flickr</image>
<flickrid>NULL</flickrid>
<annotator>1</annotator>
</source>
<owner>
<flickrid>NULL</flickrid>
<name>Label Studio</name>
</owner>
<size>
<width>476</width>
<height>189</height>
<depth>4</depth>
</size>
<segmented>0</segmented>
<object>
<name>Ma(no dot)</name>
<pose>Unspecified</pose>
<truncated>0</truncated>
<difficult>0</difficult>
<bndbox>
<xmin>14</xmin>
<ymin>67</ymin>
<xmax>32</xmax>
<ymax>81</ymax>
</bndbox>
</object>
<object>
<name>Ma(no dot)</name>
<pose>Unspecified</pose>
<truncated>0</truncated>
<difficult>0</difficult>
<bndbox>
<xmin>95</xmin>
<ymin>84</ymin>
<xmax>113</xmax>
<ymax>100</ymax>
</bndbox>
</object>
<object>
<name>Ga(no dot)</name>
<pose>Unspecified</pose>
<truncated>0</truncated>
<difficult>0</difficult>
<bndbox>
<xmin>21</xmin>
<ymin>85</ymin>
<xmax>40</xmax>
<ymax>102</ymax>
</bndbox>
</object>
<object>
<name>Ni1(no dot)</name>
<pose>Unspecified</pose>
<truncated>0</truncated>
<difficult>0</difficult>
<bndbox>
<xmin>318</xmin>
<ymin>75</ymin>
<xmax>344</xmax>
<ymax>100</ymax>
</bndbox>
</object>
<object>
<name>Ni(no dot)</name>
<pose>Unspecified</pose>
<truncated>0</truncated>
<difficult>0</difficult>
<bndbox>
<xmin>244</xmin>
<ymin>58</ymin>
<xmax>260</xmax>
<ymax>79</ymax>
</bndbox>
</object>
<object>
<name>Ni(no dot)</name>
<pose>Unspecified</pose>
<truncated>0</truncated>
<difficult>0</difficult>
<bndbox>
<xmin>182</xmin>
<ymin>75</ymin>
<xmax>201</xmax>
<ymax>102</ymax>
</bndbox>
</object>
<object>
<name>Sa(dot above)</name>
<pose>Unspecified</pose>
<truncated>0</truncated>
<difficult>0</difficult>
<bndbox>
<xmin>212</xmin>
<ymin>79</ymin>
<xmax>232</xmax>
<ymax>101</ymax>
</bndbox>
</object>
<object>
<name>Sa(dot above)</name>
<pose>Unspecified</pose>
<truncated>0</truncated>
<difficult>0</difficult>
<bndbox>
<xmin>246</xmin>
<ymin>80</ymin>
<xmax>265</xmax>
<ymax>98</ymax>
</bndbox>
</object>
<object>
<name>Sa(dot above)</name>
<pose>Unspecified</pose>
<truncated>0</truncated>
<difficult>0</difficult>
<bndbox>
<xmin>296</xmin>
<ymin>78</ymin>
<xmax>318</xmax>
<ymax>98</ymax>
</bndbox>
</object>
<object>
<name>Pa(no dot)</name>
<pose>Unspecified</pose>
<truncated>0</truncated>
<difficult>0</difficult>
<bndbox>
<xmin>133</xmin>
<ymin>80</ymin>
<xmax>149</xmax>
<ymax>99</ymax>
</bndbox>
</object>
<object>
<name>Dha(no dot)</name>
<pose>Unspecified</pose>
<truncated>0</truncated>
<difficult>0</difficult>
<bndbox>
<xmin>155</xmin>
<ymin>78</ymin>
<xmax>176</xmax>
<ymax>103</ymax>
</bndbox>
</object>
<object>
<name>Ni(no dot)</name>
<pose>Unspecified</pose>
<truncated>0</truncated>
<difficult>0</difficult>
<bndbox>
<xmin>270</xmin>
<ymin>73</ymin>
<xmax>291</xmax>
<ymax>102</ymax>
</bndbox>
</object>
<object>
<name>Dha(no dot)</name>
<pose>Unspecified</pose>
<truncated>0</truncated>
<difficult>0</difficult>
<bndbox>
<xmin>346</xmin>
<ymin>80</ymin>
<xmax>366</xmax>
<ymax>101</ymax>
</bndbox>
</object>
<object>
<name>Dha(no dot)</name>
<pose>Unspecified</pose>
<truncated>0</truncated>
<difficult>0</difficult>
<bndbox>
<xmin>426</xmin>
<ymin>61</ymin>
<xmax>441</xmax>
<ymax>78</ymax>
</bndbox>
</object>
<object>
<name>Dha(no dot)</name>
<pose>Unspecified</pose>
<truncated>0</truncated>
<difficult>0</difficult>
<bndbox>
<xmin>440</xmin>
<ymin>79</ymin>
<xmax>452</xmax>
<ymax>91</ymax>
</bndbox>
</object>
<object>
<name>Pa(no dot)</name>
<pose>Unspecified</pose>
<truncated>0</truncated>
<difficult>0</difficult>
<bndbox>
<xmin>429</xmin>
<ymin>82</ymin>
<xmax>440</xmax>
<ymax>94</ymax>
</bndbox>
</object>
<object>
<name>Sa(no dot)</name>
<pose>Unspecified</pose>
<truncated>0</truncated>
<difficult>0</difficult>
<bndbox>
<xmin>429</xmin>
<ymin>8</ymin>
<xmax>452</xmax>
<ymax>29</ymax>
</bndbox>
</object>
</annotation>
