<annotation>
<folder>images</folder>
<filename>a4a5f160-17.PNG</filename>
<source>
<database>MyDatabase</database>
<annotation>COCO2017</annotation>
<image>flickr</image>
<flickrid>NULL</flickrid>
<annotator>1</annotator>
</source>
<owner>
<flickrid>NULL</flickrid>
<name>Label Studio</name>
</owner>
<size>
<width>574</width>
<height>440</height>
<depth>4</depth>
</size>
<segmented>0</segmented>
<object>
<name>Dha(no dot)</name>
<pose>Unspecified</pose>
<truncated>0</truncated>
<difficult>0</difficult>
<bndbox>
<xmin>100</xmin>
<ymin>341</ymin>
<xmax>111</xmax>
<ymax>359</ymax>
</bndbox>
</object>
<object>
<name>Dha(no dot)</name>
<pose>Unspecified</pose>
<truncated>0</truncated>
<difficult>0</difficult>
<bndbox>
<xmin>180</xmin>
<ymin>339</ymin>
<xmax>192</xmax>
<ymax>358</ymax>
</bndbox>
</object>
<object>
<name>Dha(no dot)</name>
<pose>Unspecified</pose>
<truncated>0</truncated>
<difficult>0</difficult>
<bndbox>
<xmin>220</xmin>
<ymin>341</ymin>
<xmax>235</xmax>
<ymax>362</ymax>
</bndbox>
</object>
<object>
<name>Dha(no dot)</name>
<pose>Unspecified</pose>
<truncated>0</truncated>
<difficult>0</difficult>
<bndbox>
<xmin>238</xmin>
<ymin>340</ymin>
<xmax>251</xmax>
<ymax>357</ymax>
</bndbox>
</object>
<object>
<name>Dha(no dot)</name>
<pose>Unspecified</pose>
<truncated>0</truncated>
<difficult>0</difficult>
<bndbox>
<xmin>40</xmin>
<ymin>10</ymin>
<xmax>55</xmax>
<ymax>27</ymax>
</bndbox>
</object>
<object>
<name>Dha(no dot)</name>
<pose>Unspecified</pose>
<truncated>0</truncated>
<difficult>0</difficult>
<bndbox>
<xmin>132</xmin>
<ymin>33</ymin>
<xmax>151</xmax>
<ymax>55</ymax>
</bndbox>
</object>
<object>
<name>Dha(no dot)</name>
<pose>Unspecified</pose>
<truncated>0</truncated>
<difficult>0</difficult>
<bndbox>
<xmin>190</xmin>
<ymin>28</ymin>
<xmax>209</xmax>
<ymax>57</ymax>
</bndbox>
</object>
<object>
<name>Dha(no dot)</name>
<pose>Unspecified</pose>
<truncated>0</truncated>
<difficult>0</difficult>
<bndbox>
<xmin>187</xmin>
<ymin>136</ymin>
<xmax>211</xmax>
<ymax>157</ymax>
</bndbox>
</object>
<object>
<name>Dha(no dot)</name>
<pose>Unspecified</pose>
<truncated>0</truncated>
<difficult>0</difficult>
<bndbox>
<xmin>275</xmin>
<ymin>137</ymin>
<xmax>296</xmax>
<ymax>157</ymax>
</bndbox>
</object>
<object>
<name>Dha(no dot)</name>
<pose>Unspecified</pose>
<truncated>0</truncated>
<difficult>0</difficult>
<bndbox>
<xmin>404</xmin>
<ymin>237</ymin>
<xmax>425</xmax>
<ymax>258</ymax>
</bndbox>
</object>
<object>
<name>Sa(dot above)</name>
<pose>Unspecified</pose>
<truncated>0</truncated>
<difficult>0</difficult>
<bndbox>
<xmin>223</xmin>
<ymin>29</ymin>
<xmax>251</xmax>
<ymax>58</ymax>
</bndbox>
</object>
<object>
<name>Sa(dot above)</name>
<pose>Unspecified</pose>
<truncated>0</truncated>
<difficult>0</difficult>
<bndbox>
<xmin>313</xmin>
<ymin>28</ymin>
<xmax>341</xmax>
<ymax>52</ymax>
</bndbox>
</object>
<object>
<name>Sa(dot above)</name>
<pose>Unspecified</pose>
<truncated>0</truncated>
<difficult>0</difficult>
<bndbox>
<xmin>360</xmin>
<ymin>29</ymin>
<xmax>387</xmax>
<ymax>55</ymax>
</bndbox>
</object>
<object>
<name>Sa(dot above)</name>
<pose>Unspecified</pose>
<truncated>0</truncated>
<difficult>0</difficult>
<bndbox>
<xmin>402</xmin>
<ymin>30</ymin>
<xmax>436</xmax>
<ymax>56</ymax>
</bndbox>
</object>
<object>
<name>Sa(dot above)</name>
<pose>Unspecified</pose>
<truncated>0</truncated>
<difficult>0</difficult>
<bndbox>
<xmin>452</xmin>
<ymin>234</ymin>
<xmax>480</xmax>
<ymax>262</ymax>
</bndbox>
</object>
<object>
<name>Sa(no dot)</name>
<pose>Unspecified</pose>
<truncated>0</truncated>
<difficult>0</difficult>
<bndbox>
<xmin>358</xmin>
<ymin>339</ymin>
<xmax>388</xmax>
<ymax>367</ymax>
</bndbox>
</object>
<object>
<name>Sa(no dot)</name>
<pose>Unspecified</pose>
<truncated>0</truncated>
<difficult>0</difficult>
<bndbox>
<xmin>130</xmin>
<ymin>234</ymin>
<xmax>158</xmax>
<ymax>258</ymax>
</bndbox>
</object>
<object>
<name>Re1(no dot)</name>
<pose>Unspecified</pose>
<truncated>0</truncated>
<difficult>0</difficult>
<bndbox>
<xmin>404</xmin>
<ymin>129</ymin>
<xmax>421</xmax>
<ymax>161</ymax>
</bndbox>
</object>
<object>
<name>Re1(no dot)</name>
<pose>Unspecified</pose>
<truncated>0</truncated>
<difficult>0</difficult>
<bndbox>
<xmin>99</xmin>
<ymin>232</ymin>
<xmax>119</xmax>
<ymax>265</ymax>
</bndbox>
</object>
<object>
<name>Re1(no dot)</name>
<pose>Unspecified</pose>
<truncated>0</truncated>
<difficult>0</difficult>
<bndbox>
<xmin>276</xmin>
<ymin>230</ymin>
<xmax>299</xmax>
<ymax>265</ymax>
</bndbox>
</object>
<object>
<name>Re1(no dot)</name>
<pose>Unspecified</pose>
<truncated>0</truncated>
<difficult>0</difficult>
<bndbox>
<xmin>310</xmin>
<ymin>331</ymin>
<xmax>328</xmax>
<ymax>366</ymax>
</bndbox>
</object>
<object>
<name>Re1(dot above)</name>
<pose>Unspecified</pose>
<truncated>0</truncated>
<difficult>0</difficult>
<bndbox>
<xmin>99</xmin>
<ymin>129</ymin>
<xmax>120</xmax>
<ymax>163</ymax>
</bndbox>
</object>
<object>
<name>Re1(dot above)</name>
<pose>Unspecified</pose>
<truncated>0</truncated>
<difficult>0</difficult>
<bndbox>
<xmin>42</xmin>
<ymin>111</ymin>
<xmax>63</xmax>
<ymax>136</ymax>
</bndbox>
</object>
<object>
<name>Re1(dot above)</name>
<pose>Unspecified</pose>
<truncated>0</truncated>
<difficult>0</difficult>
<bndbox>
<xmin>41</xmin>
<ymin>336</ymin>
<xmax>51</xmax>
<ymax>356</ymax>
</bndbox>
</object>
<object>
<name>Re1(dot above)</name>
<pose>Unspecified</pose>
<truncated>0</truncated>
<difficult>0</difficult>
<bndbox>
<xmin>54</xmin>
<ymin>332</ymin>
<xmax>68</xmax>
<ymax>359</ymax>
</bndbox>
</object>
<object>
<name>Re1(dot above)</name>
<pose>Unspecified</pose>
<truncated>0</truncated>
<difficult>0</difficult>
<bndbox>
<xmin>489</xmin>
<ymin>24</ymin>
<xmax>510</xmax>
<ymax>62</ymax>
</bndbox>
</object>
<object>
<name>Re1(dot above)</name>
<pose>Unspecified</pose>
<truncated>0</truncated>
<difficult>0</difficult>
<bndbox>
<xmin>527</xmin>
<ymin>22</ymin>
<xmax>548</xmax>
<ymax>59</ymax>
</bndbox>
</object>
<object>
<name>Ma2(no dot)</name>
<pose>Unspecified</pose>
<truncated>0</truncated>
<difficult>0</difficult>
<bndbox>
<xmin>42</xmin>
<ymin>30</ymin>
<xmax>63</xmax>
<ymax>52</ymax>
</bndbox>
</object>
<object>
<name>Ma2(no dot)</name>
<pose>Unspecified</pose>
<truncated>0</truncated>
<difficult>0</difficult>
<bndbox>
<xmin>221</xmin>
<ymin>133</ymin>
<xmax>245</xmax>
<ymax>155</ymax>
</bndbox>
</object>
<object>
<name>Ma2(no dot)</name>
<pose>Unspecified</pose>
<truncated>0</truncated>
<difficult>0</difficult>
<bndbox>
<xmin>525</xmin>
<ymin>129</ymin>
<xmax>549</xmax>
<ymax>157</ymax>
</bndbox>
</object>
<object>
<name>Ma2(no dot)</name>
<pose>Unspecified</pose>
<truncated>0</truncated>
<difficult>0</difficult>
<bndbox>
<xmin>311</xmin>
<ymin>130</ymin>
<xmax>335</xmax>
<ymax>156</ymax>
</bndbox>
</object>
<object>
<name>Ma2(no dot)</name>
<pose>Unspecified</pose>
<truncated>0</truncated>
<difficult>0</difficult>
<bndbox>
<xmin>369</xmin>
<ymin>231</ymin>
<xmax>386</xmax>
<ymax>259</ymax>
</bndbox>
</object>
<object>
<name>Ma2(no dot)</name>
<pose>Unspecified</pose>
<truncated>0</truncated>
<difficult>0</difficult>
<bndbox>
<xmin>268</xmin>
<ymin>336</ymin>
<xmax>280</xmax>
<ymax>358</ymax>
</bndbox>
</object>
<object>
<name>Ma2(no dot)</name>
<pose>Unspecified</pose>
<truncated>0</truncated>
<difficult>0</difficult>
<bndbox>
<xmin>195</xmin>
<ymin>337</ymin>
<xmax>208</xmax>
<ymax>358</ymax>
</bndbox>
</object>
<object>
<name>Ni(no dot)</name>
<pose>Unspecified</pose>
<truncated>0</truncated>
<difficult>0</difficult>
<bndbox>
<xmin>454</xmin>
<ymin>27</ymin>
<xmax>475</xmax>
<ymax>55</ymax>
</bndbox>
</object>
<object>
<name>Ni(no dot)</name>
<pose>Unspecified</pose>
<truncated>0</truncated>
<difficult>0</difficult>
<bndbox>
<xmin>403</xmin>
<ymin>6</ymin>
<xmax>425</xmax>
<ymax>30</ymax>
</bndbox>
</object>
<object>
<name>Ni(no dot)</name>
<pose>Unspecified</pose>
<truncated>0</truncated>
<difficult>0</difficult>
<bndbox>
<xmin>131</xmin>
<ymin>127</ymin>
<xmax>154</xmax>
<ymax>158</ymax>
</bndbox>
</object>
<object>
<name>Ni(no dot)</name>
<pose>Unspecified</pose>
<truncated>0</truncated>
<difficult>0</difficult>
<bndbox>
<xmin>36</xmin>
<ymin>137</ymin>
<xmax>70</xmax>
<ymax>161</ymax>
</bndbox>
</object>
<object>
<name>Ni(no dot)</name>
<pose>Unspecified</pose>
<truncated>0</truncated>
<difficult>0</difficult>
<bndbox>
<xmin>83</xmin>
<ymin>340</ymin>
<xmax>98</xmax>
<ymax>358</ymax>
</bndbox>
</object>
<object>
<name>Ni(no dot)</name>
<pose>Unspecified</pose>
<truncated>0</truncated>
<difficult>0</difficult>
<bndbox>
<xmin>130</xmin>
<ymin>335</ymin>
<xmax>147</xmax>
<ymax>357</ymax>
</bndbox>
</object>
<object>
<name>Ni(no dot)</name>
<pose>Unspecified</pose>
<truncated>0</truncated>
<difficult>0</difficult>
<bndbox>
<xmin>151</xmin>
<ymin>334</ymin>
<xmax>168</xmax>
<ymax>356</ymax>
</bndbox>
</object>
<object>
<name>Ga(no dot)</name>
<pose>Unspecified</pose>
<truncated>0</truncated>
<difficult>0</difficult>
<bndbox>
<xmin>365</xmin>
<ymin>131</ymin>
<xmax>389</xmax>
<ymax>162</ymax>
</bndbox>
</object>
<object>
<name>Ga(no dot)</name>
<pose>Unspecified</pose>
<truncated>0</truncated>
<difficult>0</difficult>
<bndbox>
<xmin>36</xmin>
<ymin>237</ymin>
<xmax>64</xmax>
<ymax>263</ymax>
</bndbox>
</object>
<object>
<name>Ga(no dot)</name>
<pose>Unspecified</pose>
<truncated>0</truncated>
<difficult>0</difficult>
<bndbox>
<xmin>309</xmin>
<ymin>238</ymin>
<xmax>333</xmax>
<ymax>261</ymax>
</bndbox>
</object>
<object>
<name>Ga(no dot)</name>
<pose>Unspecified</pose>
<truncated>0</truncated>
<difficult>0</difficult>
<bndbox>
<xmin>281</xmin>
<ymin>339</ymin>
<xmax>295</xmax>
<ymax>360</ymax>
</bndbox>
</object>
<object>
<name>Re1(dot above)</name>
<pose>Unspecified</pose>
<truncated>0</truncated>
<difficult>0</difficult>
<bndbox>
<xmin>489</xmin>
<ymin>232</ymin>
<xmax>508</xmax>
<ymax>265</ymax>
</bndbox>
</object>
<object>
<name>Ni(dot below)</name>
<pose>Unspecified</pose>
<truncated>0</truncated>
<difficult>0</difficult>
<bndbox>
<xmin>224</xmin>
<ymin>232</ymin>
<xmax>248</xmax>
<ymax>266</ymax>
</bndbox>
</object>
</annotation>
