<annotation>
<folder>images</folder>
<filename>bd5825dc-Screenshot_2024-01-16_184419.png</filename>
<source>
<database>MyDatabase</database>
<annotation>COCO2017</annotation>
<image>flickr</image>
<flickrid>NULL</flickrid>
<annotator>1</annotator>
</source>
<owner>
<flickrid>NULL</flickrid>
<name>Label Studio</name>
</owner>
<size>
<width>590</width>
<height>498</height>
<depth>4</depth>
</size>
<segmented>0</segmented>
<object>
<name>Ma(no dot)</name>
<pose>Unspecified</pose>
<truncated>0</truncated>
<difficult>0</difficult>
<bndbox>
<xmin>27</xmin>
<ymin>7</ymin>
<xmax>50</xmax>
<ymax>23</ymax>
</bndbox>
</object>
<object>
<name>Pa(no dot)</name>
<pose>Unspecified</pose>
<truncated>0</truncated>
<difficult>0</difficult>
<bndbox>
<xmin>30</xmin>
<ymin>31</ymin>
<xmax>56</xmax>
<ymax>52</ymax>
</bndbox>
</object>
<object>
<name>Pa(no dot)</name>
<pose>Unspecified</pose>
<truncated>0</truncated>
<difficult>0</difficult>
<bndbox>
<xmin>121</xmin>
<ymin>32</ymin>
<xmax>142</xmax>
<ymax>52</ymax>
</bndbox>
</object>
<object>
<name>Sa(dot above)</name>
<pose>Unspecified</pose>
<truncated>0</truncated>
<difficult>0</difficult>
<bndbox>
<xmin>166</xmin>
<ymin>26</ymin>
<xmax>190</xmax>
<ymax>52</ymax>
</bndbox>
</object>
<object>
<name>Sa(dot above)</name>
<pose>Unspecified</pose>
<truncated>0</truncated>
<difficult>0</difficult>
<bndbox>
<xmin>213</xmin>
<ymin>25</ymin>
<xmax>230</xmax>
<ymax>52</ymax>
</bndbox>
</object>
<object>
<name>Re(dot above)</name>
<pose>Unspecified</pose>
<truncated>0</truncated>
<difficult>0</difficult>
<bndbox>
<xmin>296</xmin>
<ymin>26</ymin>
<xmax>314</xmax>
<ymax>55</ymax>
</bndbox>
</object>
<object>
<name>Sa(dot above)</name>
<pose>Unspecified</pose>
<truncated>0</truncated>
<difficult>0</difficult>
<bndbox>
<xmin>346</xmin>
<ymin>28</ymin>
<xmax>373</xmax>
<ymax>56</ymax>
</bndbox>
</object>
<object>
<name>Sa(dot above)</name>
<pose>Unspecified</pose>
<truncated>0</truncated>
<difficult>0</difficult>
<bndbox>
<xmin>390</xmin>
<ymin>27</ymin>
<xmax>416</xmax>
<ymax>51</ymax>
</bndbox>
</object>
<object>
<name>Sa(dot above)</name>
<pose>Unspecified</pose>
<truncated>0</truncated>
<difficult>0</difficult>
<bndbox>
<xmin>437</xmin>
<ymin>28</ymin>
<xmax>466</xmax>
<ymax>60</ymax>
</bndbox>
</object>
<object>
<name>Sa(dot above)</name>
<pose>Unspecified</pose>
<truncated>0</truncated>
<difficult>0</difficult>
<bndbox>
<xmin>514</xmin>
<ymin>31</ymin>
<xmax>539</xmax>
<ymax>56</ymax>
</bndbox>
</object>
<object>
<name>Ni(no dot)</name>
<pose>Unspecified</pose>
<truncated>0</truncated>
<difficult>0</difficult>
<bndbox>
<xmin>25</xmin>
<ymin>117</ymin>
<xmax>53</xmax>
<ymax>138</ymax>
</bndbox>
</object>
<object>
<name>Sa(dot above)</name>
<pose>Unspecified</pose>
<truncated>0</truncated>
<difficult>0</difficult>
<bndbox>
<xmin>37</xmin>
<ymin>135</ymin>
<xmax>58</xmax>
<ymax>161</ymax>
</bndbox>
</object>
<object>
<name>Sa(dot above)</name>
<pose>Unspecified</pose>
<truncated>0</truncated>
<difficult>0</difficult>
<bndbox>
<xmin>390</xmin>
<ymin>140</ymin>
<xmax>417</xmax>
<ymax>168</ymax>
</bndbox>
</object>
<object>
<name>Sa(dot above)</name>
<pose>Unspecified</pose>
<truncated>0</truncated>
<difficult>0</difficult>
<bndbox>
<xmin>434</xmin>
<ymin>140</ymin>
<xmax>465</xmax>
<ymax>167</ymax>
</bndbox>
</object>
<object>
<name>Dha(no dot)</name>
<pose>Unspecified</pose>
<truncated>0</truncated>
<difficult>0</difficult>
<bndbox>
<xmin>476</xmin>
<ymin>147</ymin>
<xmax>497</xmax>
<ymax>167</ymax>
</bndbox>
</object>
<object>
<name>Pa(no dot)</name>
<pose>Unspecified</pose>
<truncated>0</truncated>
<difficult>0</difficult>
<bndbox>
<xmin>521</xmin>
<ymin>148</ymin>
<xmax>538</xmax>
<ymax>164</ymax>
</bndbox>
</object>
<object>
<name>Ma(dot above)</name>
<pose>Unspecified</pose>
<truncated>0</truncated>
<difficult>0</difficult>
<bndbox>
<xmin>300</xmin>
<ymin>144</ymin>
<xmax>314</xmax>
<ymax>162</ymax>
</bndbox>
</object>
<object>
<name>Ga(dot above)</name>
<pose>Unspecified</pose>
<truncated>0</truncated>
<difficult>0</difficult>
<bndbox>
<xmin>263</xmin>
<ymin>140</ymin>
<xmax>285</xmax>
<ymax>166</ymax>
</bndbox>
</object>
<object>
<name>Ga(dot above)</name>
<pose>Unspecified</pose>
<truncated>0</truncated>
<difficult>0</difficult>
<bndbox>
<xmin>213</xmin>
<ymin>141</ymin>
<xmax>226</xmax>
<ymax>164</ymax>
</bndbox>
</object>
<object>
<name>Ga(dot above)</name>
<pose>Unspecified</pose>
<truncated>0</truncated>
<difficult>0</difficult>
<bndbox>
<xmin>163</xmin>
<ymin>137</ymin>
<xmax>189</xmax>
<ymax>165</ymax>
</bndbox>
</object>
<object>
<name>Ga(dot above)</name>
<pose>Unspecified</pose>
<truncated>0</truncated>
<difficult>0</difficult>
<bndbox>
<xmin>117</xmin>
<ymin>116</ymin>
<xmax>135</xmax>
<ymax>137</ymax>
</bndbox>
</object>
<object>
<name>Re(dot above)</name>
<pose>Unspecified</pose>
<truncated>0</truncated>
<difficult>0</difficult>
<bndbox>
<xmin>117</xmin>
<ymin>136</ymin>
<xmax>140</xmax>
<ymax>163</ymax>
</bndbox>
</object>
<object>
<name>Re(dot above)</name>
<pose>Unspecified</pose>
<truncated>0</truncated>
<difficult>0</difficult>
<bndbox>
<xmin>358</xmin>
<ymin>136</ymin>
<xmax>372</xmax>
<ymax>167</ymax>
</bndbox>
</object>
<object>
<name>Re(dot above)</name>
<pose>Unspecified</pose>
<truncated>0</truncated>
<difficult>0</difficult>
<bndbox>
<xmin>254</xmin>
<ymin>115</ymin>
<xmax>275</xmax>
<ymax>142</ymax>
</bndbox>
</object>
<object>
<name>Pa(no dot)</name>
<pose>Unspecified</pose>
<truncated>0</truncated>
<difficult>0</difficult>
<bndbox>
<xmin>26</xmin>
<ymin>230</ymin>
<xmax>47</xmax>
<ymax>250</ymax>
</bndbox>
</object>
<object>
<name>Pa(no dot)</name>
<pose>Unspecified</pose>
<truncated>0</truncated>
<difficult>0</difficult>
<bndbox>
<xmin>80</xmin>
<ymin>232</ymin>
<xmax>101</xmax>
<ymax>252</ymax>
</bndbox>
</object>
<object>
<name>Pa(no dot)</name>
<pose>Unspecified</pose>
<truncated>0</truncated>
<difficult>0</difficult>
<bndbox>
<xmin>390</xmin>
<ymin>259</ymin>
<xmax>410</xmax>
<ymax>280</ymax>
</bndbox>
</object>
<object>
<name>Ni(no dot)</name>
<pose>Unspecified</pose>
<truncated>0</truncated>
<difficult>0</difficult>
<bndbox>
<xmin>119</xmin>
<ymin>228</ymin>
<xmax>148</xmax>
<ymax>251</ymax>
</bndbox>
</object>
<object>
<name>Ni(no dot)</name>
<pose>Unspecified</pose>
<truncated>0</truncated>
<difficult>0</difficult>
<bndbox>
<xmin>157</xmin>
<ymin>224</ymin>
<xmax>182</xmax>
<ymax>251</ymax>
</bndbox>
</object>
<object>
<name>Ni(no dot)</name>
<pose>Unspecified</pose>
<truncated>0</truncated>
<difficult>0</difficult>
<bndbox>
<xmin>205</xmin>
<ymin>230</ymin>
<xmax>231</xmax>
<ymax>253</ymax>
</bndbox>
</object>
<object>
<name>Ni(no dot)</name>
<pose>Unspecified</pose>
<truncated>0</truncated>
<difficult>0</difficult>
<bndbox>
<xmin>249</xmin>
<ymin>231</ymin>
<xmax>273</xmax>
<ymax>253</ymax>
</bndbox>
</object>
<object>
<name>Ni(no dot)</name>
<pose>Unspecified</pose>
<truncated>0</truncated>
<difficult>0</difficult>
<bndbox>
<xmin>294</xmin>
<ymin>231</ymin>
<xmax>314</xmax>
<ymax>253</ymax>
</bndbox>
</object>
<object>
<name>Ni(no dot)</name>
<pose>Unspecified</pose>
<truncated>0</truncated>
<difficult>0</difficult>
<bndbox>
<xmin>433</xmin>
<ymin>231</ymin>
<xmax>454</xmax>
<ymax>251</ymax>
</bndbox>
</object>
<object>
<name>Ni(no dot)</name>
<pose>Unspecified</pose>
<truncated>0</truncated>
<difficult>0</difficult>
<bndbox>
<xmin>479</xmin>
<ymin>257</ymin>
<xmax>501</xmax>
<ymax>281</ymax>
</bndbox>
</object>
<object>
<name>Ni1(no dot)</name>
<pose>Unspecified</pose>
<truncated>0</truncated>
<difficult>0</difficult>
<bndbox>
<xmin>348</xmin>
<ymin>253</ymin>
<xmax>374</xmax>
<ymax>283</ymax>
</bndbox>
</object>
<object>
<name>Dha(no dot)</name>
<pose>Unspecified</pose>
<truncated>0</truncated>
<difficult>0</difficult>
<bndbox>
<xmin>298</xmin>
<ymin>260</ymin>
<xmax>320</xmax>
<ymax>278</ymax>
</bndbox>
</object>
<object>
<name>Dha(no dot)</name>
<pose>Unspecified</pose>
<truncated>0</truncated>
<difficult>0</difficult>
<bndbox>
<xmin>264</xmin>
<ymin>259</ymin>
<xmax>284</xmax>
<ymax>279</ymax>
</bndbox>
</object>
<object>
<name>Dha(no dot)</name>
<pose>Unspecified</pose>
<truncated>0</truncated>
<difficult>0</difficult>
<bndbox>
<xmin>205</xmin>
<ymin>257</ymin>
<xmax>231</xmax>
<ymax>277</ymax>
</bndbox>
</object>
<object>
<name>Dha(no dot)</name>
<pose>Unspecified</pose>
<truncated>0</truncated>
<difficult>0</difficult>
<bndbox>
<xmin>169</xmin>
<ymin>257</ymin>
<xmax>187</xmax>
<ymax>279</ymax>
</bndbox>
</object>
<object>
<name>Dha(no dot)</name>
<pose>Unspecified</pose>
<truncated>0</truncated>
<difficult>0</difficult>
<bndbox>
<xmin>122</xmin>
<ymin>254</ymin>
<xmax>147</xmax>
<ymax>278</ymax>
</bndbox>
</object>
<object>
<name>Ga(no dot)</name>
<pose>Unspecified</pose>
<truncated>0</truncated>
<difficult>0</difficult>
<bndbox>
<xmin>83</xmin>
<ymin>256</ymin>
<xmax>99</xmax>
<ymax>277</ymax>
</bndbox>
</object>
<object>
<name>Ga(no dot)</name>
<pose>Unspecified</pose>
<truncated>0</truncated>
<difficult>0</difficult>
<bndbox>
<xmin>36</xmin>
<ymin>257</ymin>
<xmax>53</xmax>
<ymax>277</ymax>
</bndbox>
</object>
<object>
<name>Dha(no dot)</name>
<pose>Unspecified</pose>
<truncated>0</truncated>
<difficult>0</difficult>
<bndbox>
<xmin>442</xmin>
<ymin>257</ymin>
<xmax>463</xmax>
<ymax>280</ymax>
</bndbox>
</object>
<object>
<name>Sa(dot above)</name>
<pose>Unspecified</pose>
<truncated>0</truncated>
<difficult>0</difficult>
<bndbox>
<xmin>516</xmin>
<ymin>257</ymin>
<xmax>539</xmax>
<ymax>284</ymax>
</bndbox>
</object>
<object>
<name>Sa(dot above)</name>
<pose>Unspecified</pose>
<truncated>0</truncated>
<difficult>0</difficult>
<bndbox>
<xmin>29</xmin>
<ymin>340</ymin>
<xmax>50</xmax>
<ymax>362</ymax>
</bndbox>
</object>
<object>
<name>Sa(dot above)</name>
<pose>Unspecified</pose>
<truncated>0</truncated>
<difficult>0</difficult>
<bndbox>
<xmin>209</xmin>
<ymin>367</ymin>
<xmax>230</xmax>
<ymax>391</ymax>
</bndbox>
</object>
<object>
<name>Sa(dot above)</name>
<pose>Unspecified</pose>
<truncated>0</truncated>
<difficult>0</difficult>
<bndbox>
<xmin>258</xmin>
<ymin>366</ymin>
<xmax>279</xmax>
<ymax>390</ymax>
</bndbox>
</object>
<object>
<name>Ni(no dot)</name>
<pose>Unspecified</pose>
<truncated>0</truncated>
<difficult>0</difficult>
<bndbox>
<xmin>514</xmin>
<ymin>365</ymin>
<xmax>536</xmax>
<ymax>395</ymax>
</bndbox>
</object>
<object>
<name>Ni(no dot)</name>
<pose>Unspecified</pose>
<truncated>0</truncated>
<difficult>0</difficult>
<bndbox>
<xmin>474</xmin>
<ymin>366</ymin>
<xmax>494</xmax>
<ymax>393</ymax>
</bndbox>
</object>
<object>
<name>Ni(no dot)</name>
<pose>Unspecified</pose>
<truncated>0</truncated>
<difficult>0</difficult>
<bndbox>
<xmin>348</xmin>
<ymin>366</ymin>
<xmax>369</xmax>
<ymax>391</ymax>
</bndbox>
</object>
<object>
<name>Ni(no dot)</name>
<pose>Unspecified</pose>
<truncated>0</truncated>
<difficult>0</difficult>
<bndbox>
<xmin>300</xmin>
<ymin>366</ymin>
<xmax>320</xmax>
<ymax>390</ymax>
</bndbox>
</object>
<object>
<name>Dha(no dot)</name>
<pose>Unspecified</pose>
<truncated>0</truncated>
<difficult>0</difficult>
<bndbox>
<xmin>320</xmin>
<ymin>368</ymin>
<xmax>329</xmax>
<ymax>388</ymax>
</bndbox>
</object>
<object>
<name>Dha(no dot)</name>
<pose>Unspecified</pose>
<truncated>0</truncated>
<difficult>0</difficult>
<bndbox>
<xmin>495</xmin>
<ymin>370</ymin>
<xmax>508</xmax>
<ymax>390</ymax>
</bndbox>
</object>
<object>
<name>Pa(no dot)</name>
<pose>Unspecified</pose>
<truncated>0</truncated>
<difficult>0</difficult>
<bndbox>
<xmin>445</xmin>
<ymin>367</ymin>
<xmax>469</xmax>
<ymax>398</ymax>
</bndbox>
</object>
<object>
<name>Re(dot above)</name>
<pose>Unspecified</pose>
<truncated>0</truncated>
<difficult>0</difficult>
<bndbox>
<xmin>168</xmin>
<ymin>365</ymin>
<xmax>186</xmax>
<ymax>390</ymax>
</bndbox>
</object>
<object>
<name>Ma(dot above)</name>
<pose>Unspecified</pose>
<truncated>0</truncated>
<difficult>0</difficult>
<bndbox>
<xmin>140</xmin>
<ymin>365</ymin>
<xmax>153</xmax>
<ymax>386</ymax>
</bndbox>
</object>
<object>
<name>Ma(dot above)</name>
<pose>Unspecified</pose>
<truncated>0</truncated>
<difficult>0</difficult>
<bndbox>
<xmin>117</xmin>
<ymin>343</ymin>
<xmax>134</xmax>
<ymax>360</ymax>
</bndbox>
</object>
<object>
<name>Ga(dot above)</name>
<pose>Unspecified</pose>
<truncated>0</truncated>
<difficult>0</difficult>
<bndbox>
<xmin>120</xmin>
<ymin>365</ymin>
<xmax>140</xmax>
<ymax>383</ymax>
</bndbox>
</object>
<object>
<name>Re(dot above)</name>
<pose>Unspecified</pose>
<truncated>0</truncated>
<difficult>0</difficult>
<bndbox>
<xmin>36</xmin>
<ymin>362</ymin>
<xmax>51</xmax>
<ymax>393</ymax>
</bndbox>
</object>
</annotation>
