<annotation>
<folder>images</folder>
<filename>bd5d4569-Screenshot_2024-01-16_183848.png</filename>
<source>
<database>MyDatabase</database>
<annotation>COCO2017</annotation>
<image>flickr</image>
<flickrid>NULL</flickrid>
<annotator>1</annotator>
</source>
<owner>
<flickrid>NULL</flickrid>
<name>Label Studio</name>
</owner>
<size>
<width>646</width>
<height>317</height>
<depth>4</depth>
</size>
<segmented>0</segmented>
<object>
<name>Pa(no dot)</name>
<pose>Unspecified</pose>
<truncated>0</truncated>
<difficult>0</difficult>
<bndbox>
<xmin>28</xmin>
<ymin>45</ymin>
<xmax>43</xmax>
<ymax>65</ymax>
</bndbox>
</object>
<object>
<name>Pa(no dot)</name>
<pose>Unspecified</pose>
<truncated>0</truncated>
<difficult>0</difficult>
<bndbox>
<xmin>59</xmin>
<ymin>44</ymin>
<xmax>72</xmax>
<ymax>64</ymax>
</bndbox>
</object>
<object>
<name>Pa(no dot)</name>
<pose>Unspecified</pose>
<truncated>0</truncated>
<difficult>0</difficult>
<bndbox>
<xmin>531</xmin>
<ymin>49</ymin>
<xmax>549</xmax>
<ymax>65</ymax>
</bndbox>
</object>
<object>
<name>Pa(no dot)</name>
<pose>Unspecified</pose>
<truncated>0</truncated>
<difficult>0</difficult>
<bndbox>
<xmin>523</xmin>
<ymin>186</ymin>
<xmax>543</xmax>
<ymax>205</ymax>
</bndbox>
</object>
<object>
<name>Ga(no dot)</name>
<pose>Unspecified</pose>
<truncated>0</truncated>
<difficult>0</difficult>
<bndbox>
<xmin>589</xmin>
<ymin>186</ymin>
<xmax>613</xmax>
<ymax>206</ymax>
</bndbox>
</object>
<object>
<name>Ga(no dot)</name>
<pose>Unspecified</pose>
<truncated>0</truncated>
<difficult>0</difficult>
<bndbox>
<xmin>543</xmin>
<ymin>159</ymin>
<xmax>565</xmax>
<ymax>176</ymax>
</bndbox>
</object>
<object>
<name>Ni(no dot)</name>
<pose>Unspecified</pose>
<truncated>0</truncated>
<difficult>0</difficult>
<bndbox>
<xmin>88</xmin>
<ymin>40</ymin>
<xmax>116</xmax>
<ymax>66</ymax>
</bndbox>
</object>
<object>
<name>Ni(no dot)</name>
<pose>Unspecified</pose>
<truncated>0</truncated>
<difficult>0</difficult>
<bndbox>
<xmin>134</xmin>
<ymin>40</ymin>
<xmax>158</xmax>
<ymax>68</ymax>
</bndbox>
</object>
<object>
<name>Ni(no dot)</name>
<pose>Unspecified</pose>
<truncated>0</truncated>
<difficult>0</difficult>
<bndbox>
<xmin>334</xmin>
<ymin>16</ymin>
<xmax>356</xmax>
<ymax>42</ymax>
</bndbox>
</object>
<object>
<name>Ni(no dot)</name>
<pose>Unspecified</pose>
<truncated>0</truncated>
<difficult>0</difficult>
<bndbox>
<xmin>491</xmin>
<ymin>16</ymin>
<xmax>511</xmax>
<ymax>40</ymax>
</bndbox>
</object>
<object>
<name>Ni(no dot)</name>
<pose>Unspecified</pose>
<truncated>0</truncated>
<difficult>0</difficult>
<bndbox>
<xmin>366</xmin>
<ymin>178</ymin>
<xmax>390</xmax>
<ymax>204</ymax>
</bndbox>
</object>
<object>
<name>Re(no dot)</name>
<pose>Unspecified</pose>
<truncated>0</truncated>
<difficult>0</difficult>
<bndbox>
<xmin>582</xmin>
<ymin>155</ymin>
<xmax>595</xmax>
<ymax>177</ymax>
</bndbox>
</object>
<object>
<name>Dha(no dot)</name>
<pose>Unspecified</pose>
<truncated>0</truncated>
<difficult>0</difficult>
<bndbox>
<xmin>112</xmin>
<ymin>20</ymin>
<xmax>134</xmax>
<ymax>37</ymax>
</bndbox>
</object>
<object>
<name>Dha(no dot)</name>
<pose>Unspecified</pose>
<truncated>0</truncated>
<difficult>0</difficult>
<bndbox>
<xmin>492</xmin>
<ymin>49</ymin>
<xmax>508</xmax>
<ymax>67</ymax>
</bndbox>
</object>
<object>
<name>Dha(no dot)</name>
<pose>Unspecified</pose>
<truncated>0</truncated>
<difficult>0</difficult>
<bndbox>
<xmin>555</xmin>
<ymin>47</ymin>
<xmax>573</xmax>
<ymax>66</ymax>
</bndbox>
</object>
<object>
<name>Dha(no dot)</name>
<pose>Unspecified</pose>
<truncated>0</truncated>
<difficult>0</difficult>
<bndbox>
<xmin>337</xmin>
<ymin>186</ymin>
<xmax>355</xmax>
<ymax>204</ymax>
</bndbox>
</object>
<object>
<name>Dha(no dot)</name>
<pose>Unspecified</pose>
<truncated>0</truncated>
<difficult>0</difficult>
<bndbox>
<xmin>493</xmin>
<ymin>186</ymin>
<xmax>511</xmax>
<ymax>203</ymax>
</bndbox>
</object>
<object>
<name>Ma(no dot)</name>
<pose>Unspecified</pose>
<truncated>0</truncated>
<difficult>0</difficult>
<bndbox>
<xmin>556</xmin>
<ymin>186</ymin>
<xmax>573</xmax>
<ymax>206</ymax>
</bndbox>
</object>
<object>
<name>Sa(dot above)</name>
<pose>Unspecified</pose>
<truncated>0</truncated>
<difficult>0</difficult>
<bndbox>
<xmin>185</xmin>
<ymin>40</ymin>
<xmax>206</xmax>
<ymax>66</ymax>
</bndbox>
</object>
<object>
<name>Sa(dot above)</name>
<pose>Unspecified</pose>
<truncated>0</truncated>
<difficult>0</difficult>
<bndbox>
<xmin>255</xmin>
<ymin>43</ymin>
<xmax>277</xmax>
<ymax>69</ymax>
</bndbox>
</object>
<object>
<name>Sa(dot above)</name>
<pose>Unspecified</pose>
<truncated>0</truncated>
<difficult>0</difficult>
<bndbox>
<xmin>335</xmin>
<ymin>44</ymin>
<xmax>359</xmax>
<ymax>67</ymax>
</bndbox>
</object>
<object>
<name>Sa(dot above)</name>
<pose>Unspecified</pose>
<truncated>0</truncated>
<difficult>0</difficult>
<bndbox>
<xmin>363</xmin>
<ymin>18</ymin>
<xmax>385</xmax>
<ymax>38</ymax>
</bndbox>
</object>
<object>
<name>Sa(dot above)</name>
<pose>Unspecified</pose>
<truncated>0</truncated>
<difficult>0</difficult>
<bndbox>
<xmin>402</xmin>
<ymin>42</ymin>
<xmax>426</xmax>
<ymax>68</ymax>
</bndbox>
</object>
<object>
<name>Sa(dot above)</name>
<pose>Unspecified</pose>
<truncated>0</truncated>
<difficult>0</difficult>
<bndbox>
<xmin>442</xmin>
<ymin>42</ymin>
<xmax>466</xmax>
<ymax>68</ymax>
</bndbox>
</object>
<object>
<name>Sa(dot above)</name>
<pose>Unspecified</pose>
<truncated>0</truncated>
<difficult>0</difficult>
<bndbox>
<xmin>30</xmin>
<ymin>179</ymin>
<xmax>52</xmax>
<ymax>204</ymax>
</bndbox>
</object>
<object>
<name>Sa(dot above)</name>
<pose>Unspecified</pose>
<truncated>0</truncated>
<difficult>0</difficult>
<bndbox>
<xmin>65</xmin>
<ymin>178</ymin>
<xmax>85</xmax>
<ymax>204</ymax>
</bndbox>
</object>
<object>
<name>Sa(dot above)</name>
<pose>Unspecified</pose>
<truncated>0</truncated>
<difficult>0</difficult>
<bndbox>
<xmin>253</xmin>
<ymin>178</ymin>
<xmax>277</xmax>
<ymax>206</ymax>
</bndbox>
</object>
<object>
<name>Sa(dot above)</name>
<pose>Unspecified</pose>
<truncated>0</truncated>
<difficult>0</difficult>
<bndbox>
<xmin>335</xmin>
<ymin>153</ymin>
<xmax>356</xmax>
<ymax>176</ymax>
</bndbox>
</object>
<object>
<name>Sa(dot above)</name>
<pose>Unspecified</pose>
<truncated>0</truncated>
<difficult>0</difficult>
<bndbox>
<xmin>396</xmin>
<ymin>178</ymin>
<xmax>422</xmax>
<ymax>204</ymax>
</bndbox>
</object>
<object>
<name>Sa(dot above)</name>
<pose>Unspecified</pose>
<truncated>0</truncated>
<difficult>0</difficult>
<bndbox>
<xmin>438</xmin>
<ymin>178</ymin>
<xmax>455</xmax>
<ymax>200</ymax>
</bndbox>
</object>
<object>
<name>Ni(no dot)</name>
<pose>Unspecified</pose>
<truncated>0</truncated>
<difficult>0</difficult>
<bndbox>
<xmin>460</xmin>
<ymin>177</ymin>
<xmax>477</xmax>
<ymax>200</ymax>
</bndbox>
</object>
<object>
<name>Re(dot above)</name>
<pose>Unspecified</pose>
<truncated>0</truncated>
<difficult>0</difficult>
<bndbox>
<xmin>379</xmin>
<ymin>38</ymin>
<xmax>392</xmax>
<ymax>66</ymax>
</bndbox>
</object>
<object>
<name>Re(dot above)</name>
<pose>Unspecified</pose>
<truncated>0</truncated>
<difficult>0</difficult>
<bndbox>
<xmin>182</xmin>
<ymin>177</ymin>
<xmax>199</xmax>
<ymax>207</ymax>
</bndbox>
</object>
<object>
<name>Ma(dot above)</name>
<pose>Unspecified</pose>
<truncated>0</truncated>
<difficult>0</difficult>
<bndbox>
<xmin>182</xmin>
<ymin>153</ymin>
<xmax>196</xmax>
<ymax>173</ymax>
</bndbox>
</object>
<object>
<name>Ga(dot above)</name>
<pose>Unspecified</pose>
<truncated>0</truncated>
<difficult>0</difficult>
<bndbox>
<xmin>141</xmin>
<ymin>177</ymin>
<xmax>156</xmax>
<ymax>205</ymax>
</bndbox>
</object>
<object>
<name>Ga(dot above)</name>
<pose>Unspecified</pose>
<truncated>0</truncated>
<difficult>0</difficult>
<bndbox>
<xmin>104</xmin>
<ymin>177</ymin>
<xmax>116</xmax>
<ymax>204</ymax>
</bndbox>
</object>
</annotation>
