<annotation>
<folder>images</folder>
<filename>bf702f18-img49.png</filename>
<source>
<database>MyDatabase</database>
<annotation>COCO2017</annotation>
<image>flickr</image>
<flickrid>NULL</flickrid>
<annotator>1</annotator>
</source>
<owner>
<flickrid>NULL</flickrid>
<name>Label Studio</name>
</owner>
<size>
<width>494</width>
<height>128</height>
<depth>4</depth>
</size>
<segmented>0</segmented>
<object>
<name>Ma(no dot)</name>
<pose>Unspecified</pose>
<truncated>0</truncated>
<difficult>0</difficult>
<bndbox>
<xmin>4</xmin>
<ymin>6</ymin>
<xmax>21</xmax>
<ymax>21</ymax>
</bndbox>
</object>
<object>
<name>Ma(no dot)</name>
<pose>Unspecified</pose>
<truncated>0</truncated>
<difficult>0</difficult>
<bndbox>
<xmin>90</xmin>
<ymin>25</ymin>
<xmax>108</xmax>
<ymax>45</ymax>
</bndbox>
</object>
<object>
<name>Dha(no dot)</name>
<pose>Unspecified</pose>
<truncated>0</truncated>
<difficult>0</difficult>
<bndbox>
<xmin>128</xmin>
<ymin>5</ymin>
<xmax>144</xmax>
<ymax>22</ymax>
</bndbox>
</object>
<object>
<name>Dha(no dot)</name>
<pose>Unspecified</pose>
<truncated>0</truncated>
<difficult>0</difficult>
<bndbox>
<xmin>199</xmin>
<ymin>2</ymin>
<xmax>219</xmax>
<ymax>20</ymax>
</bndbox>
</object>
<object>
<name>Dha(no dot)</name>
<pose>Unspecified</pose>
<truncated>0</truncated>
<difficult>0</difficult>
<bndbox>
<xmin>218</xmin>
<ymin>22</ymin>
<xmax>233</xmax>
<ymax>41</ymax>
</bndbox>
</object>
<object>
<name>Dha(no dot)</name>
<pose>Unspecified</pose>
<truncated>0</truncated>
<difficult>0</difficult>
<bndbox>
<xmin>174</xmin>
<ymin>25</ymin>
<xmax>200</xmax>
<ymax>44</ymax>
</bndbox>
</object>
<object>
<name>Ni(no dot)</name>
<pose>Unspecified</pose>
<truncated>0</truncated>
<difficult>0</difficult>
<bndbox>
<xmin>258</xmin>
<ymin>14</ymin>
<xmax>284</xmax>
<ymax>41</ymax>
</bndbox>
</object>
<object>
<name>Ni1(no dot)</name>
<pose>Unspecified</pose>
<truncated>0</truncated>
<difficult>0</difficult>
<bndbox>
<xmin>133</xmin>
<ymin>19</ymin>
<xmax>157</xmax>
<ymax>45</ymax>
</bndbox>
</object>
<object>
<name>Ga(no dot)</name>
<pose>Unspecified</pose>
<truncated>0</truncated>
<difficult>0</difficult>
<bndbox>
<xmin>12</xmin>
<ymin>25</ymin>
<xmax>32</xmax>
<ymax>45</ymax>
</bndbox>
</object>
<object>
<name>Sa(dot above)</name>
<pose>Unspecified</pose>
<truncated>0</truncated>
<difficult>0</difficult>
<bndbox>
<xmin>368</xmin>
<ymin>20</ymin>
<xmax>392</xmax>
<ymax>41</ymax>
</bndbox>
</object>
<object>
<name>Sa(dot above)</name>
<pose>Unspecified</pose>
<truncated>0</truncated>
<difficult>0</difficult>
<bndbox>
<xmin>454</xmin>
<ymin>19</ymin>
<xmax>474</xmax>
<ymax>42</ymax>
</bndbox>
</object>
<object>
<name>Sa(dot above)</name>
<pose>Unspecified</pose>
<truncated>0</truncated>
<difficult>0</difficult>
<bndbox>
<xmin>326</xmin>
<ymin>20</ymin>
<xmax>346</xmax>
<ymax>40</ymax>
</bndbox>
</object>
<object>
<name>Pa(no dot)</name>
<pose>Unspecified</pose>
<truncated>0</truncated>
<difficult>0</difficult>
<bndbox>
<xmin>209</xmin>
<ymin>22</ymin>
<xmax>219</xmax>
<ymax>40</ymax>
</bndbox>
</object>
</annotation>
