<annotation>
<folder>images</folder>
<filename>e7e67753-46.PNG</filename>
<source>
<database>MyDatabase</database>
<annotation>COCO2017</annotation>
<image>flickr</image>
<flickrid>NULL</flickrid>
<annotator>1</annotator>
</source>
<owner>
<flickrid>NULL</flickrid>
<name>Label Studio</name>
</owner>
<size>
<width>549</width>
<height>871</height>
<depth>4</depth>
</size>
<segmented>0</segmented>
<object>
<name>Ga(no dot)</name>
<pose>Unspecified</pose>
<truncated>0</truncated>
<difficult>0</difficult>
<bndbox>
<xmin>23</xmin>
<ymin>21</ymin>
<xmax>46</xmax>
<ymax>45</ymax>
</bndbox>
</object>
<object>
<name>Ga(no dot)</name>
<pose>Unspecified</pose>
<truncated>0</truncated>
<difficult>0</difficult>
<bndbox>
<xmin>103</xmin>
<ymin>20</ymin>
<xmax>123</xmax>
<ymax>49</ymax>
</bndbox>
</object>
<object>
<name>Ga(no dot)</name>
<pose>Unspecified</pose>
<truncated>0</truncated>
<difficult>0</difficult>
<bndbox>
<xmin>185</xmin>
<ymin>220</ymin>
<xmax>206</xmax>
<ymax>244</ymax>
</bndbox>
</object>
<object>
<name>Ga(no dot)</name>
<pose>Unspecified</pose>
<truncated>0</truncated>
<difficult>0</difficult>
<bndbox>
<xmin>345</xmin>
<ymin>217</ymin>
<xmax>366</xmax>
<ymax>243</ymax>
</bndbox>
</object>
<object>
<name>Ga(no dot)</name>
<pose>Unspecified</pose>
<truncated>0</truncated>
<difficult>0</difficult>
<bndbox>
<xmin>301</xmin>
<ymin>197</ymin>
<xmax>319</xmax>
<ymax>217</ymax>
</bndbox>
</object>
<object>
<name>Ga(no dot)</name>
<pose>Unspecified</pose>
<truncated>0</truncated>
<difficult>0</difficult>
<bndbox>
<xmin>94</xmin>
<ymin>555</ymin>
<xmax>123</xmax>
<ymax>576</ymax>
</bndbox>
</object>
<object>
<name>Ga(no dot)</name>
<pose>Unspecified</pose>
<truncated>0</truncated>
<difficult>0</difficult>
<bndbox>
<xmin>342</xmin>
<ymin>552</ymin>
<xmax>358</xmax>
<ymax>576</ymax>
</bndbox>
</object>
<object>
<name>Ga(no dot)</name>
<pose>Unspecified</pose>
<truncated>0</truncated>
<difficult>0</difficult>
<bndbox>
<xmin>101</xmin>
<ymin>753</ymin>
<xmax>122</xmax>
<ymax>773</ymax>
</bndbox>
</object>
<object>
<name>Ga(no dot)</name>
<pose>Unspecified</pose>
<truncated>0</truncated>
<difficult>0</difficult>
<bndbox>
<xmin>180</xmin>
<ymin>755</ymin>
<xmax>203</xmax>
<ymax>781</ymax>
</bndbox>
</object>
<object>
<name>Ga(no dot)</name>
<pose>Unspecified</pose>
<truncated>0</truncated>
<difficult>0</difficult>
<bndbox>
<xmin>454</xmin>
<ymin>648</ymin>
<xmax>477</xmax>
<ymax>672</ymax>
</bndbox>
</object>
<object>
<name>Ga(no dot)</name>
<pose>Unspecified</pose>
<truncated>0</truncated>
<difficult>0</difficult>
<bndbox>
<xmin>228</xmin>
<ymin>651</ymin>
<xmax>251</xmax>
<ymax>678</ymax>
</bndbox>
</object>
<object>
<name>Ga(no dot)</name>
<pose>Unspecified</pose>
<truncated>0</truncated>
<difficult>0</difficult>
<bndbox>
<xmin>148</xmin>
<ymin>648</ymin>
<xmax>169</xmax>
<ymax>677</ymax>
</bndbox>
</object>
<object>
<name>Dha(no dot)</name>
<pose>Unspecified</pose>
<truncated>0</truncated>
<difficult>0</difficult>
<bndbox>
<xmin>140</xmin>
<ymin>3</ymin>
<xmax>156</xmax>
<ymax>18</ymax>
</bndbox>
</object>
<object>
<name>Dha(no dot)</name>
<pose>Unspecified</pose>
<truncated>0</truncated>
<difficult>0</difficult>
<bndbox>
<xmin>262</xmin>
<ymin>3</ymin>
<xmax>275</xmax>
<ymax>16</ymax>
</bndbox>
</object>
<object>
<name>Dha(no dot)</name>
<pose>Unspecified</pose>
<truncated>0</truncated>
<difficult>0</difficult>
<bndbox>
<xmin>223</xmin>
<ymin>23</ymin>
<xmax>241</xmax>
<ymax>47</ymax>
</bndbox>
</object>
<object>
<name>Dha(no dot)</name>
<pose>Unspecified</pose>
<truncated>0</truncated>
<difficult>0</difficult>
<bndbox>
<xmin>452</xmin>
<ymin>122</ymin>
<xmax>470</xmax>
<ymax>145</ymax>
</bndbox>
</object>
<object>
<name>Dha(no dot)</name>
<pose>Unspecified</pose>
<truncated>0</truncated>
<difficult>0</difficult>
<bndbox>
<xmin>106</xmin>
<ymin>222</ymin>
<xmax>127</xmax>
<ymax>240</ymax>
</bndbox>
</object>
<object>
<name>Dha(no dot)</name>
<pose>Unspecified</pose>
<truncated>0</truncated>
<difficult>0</difficult>
<bndbox>
<xmin>23</xmin>
<ymin>203</ymin>
<xmax>39</xmax>
<ymax>215</ymax>
</bndbox>
</object>
<object>
<name>Dha(no dot)</name>
<pose>Unspecified</pose>
<truncated>0</truncated>
<difficult>0</difficult>
<bndbox>
<xmin>308</xmin>
<ymin>650</ymin>
<xmax>331</xmax>
<ymax>677</ymax>
</bndbox>
</object>
<object>
<name>Dha(no dot)</name>
<pose>Unspecified</pose>
<truncated>0</truncated>
<difficult>0</difficult>
<bndbox>
<xmin>387</xmin>
<ymin>653</ymin>
<xmax>411</xmax>
<ymax>676</ymax>
</bndbox>
</object>
<object>
<name>Re1(no dot)</name>
<pose>Unspecified</pose>
<truncated>0</truncated>
<difficult>0</difficult>
<bndbox>
<xmin>393</xmin>
<ymin>747</ymin>
<xmax>411</xmax>
<ymax>777</ymax>
</bndbox>
</object>
<object>
<name>Re1(no dot)</name>
<pose>Unspecified</pose>
<truncated>0</truncated>
<difficult>0</difficult>
<bndbox>
<xmin>228</xmin>
<ymin>750</ymin>
<xmax>251</xmax>
<ymax>783</ymax>
</bndbox>
</object>
<object>
<name>Re1(no dot)</name>
<pose>Unspecified</pose>
<truncated>0</truncated>
<difficult>0</difficult>
<bndbox>
<xmin>71</xmin>
<ymin>748</ymin>
<xmax>92</xmax>
<ymax>780</ymax>
</bndbox>
</object>
<object>
<name>Re1(no dot)</name>
<pose>Unspecified</pose>
<truncated>0</truncated>
<difficult>0</difficult>
<bndbox>
<xmin>103</xmin>
<ymin>648</ymin>
<xmax>121</xmax>
<ymax>681</ymax>
</bndbox>
</object>
<object>
<name>Re1(no dot)</name>
<pose>Unspecified</pose>
<truncated>0</truncated>
<difficult>0</difficult>
<bndbox>
<xmin>146</xmin>
<ymin>549</ymin>
<xmax>170</xmax>
<ymax>582</ymax>
</bndbox>
</object>
<object>
<name>Re1(no dot)</name>
<pose>Unspecified</pose>
<truncated>0</truncated>
<difficult>0</difficult>
<bndbox>
<xmin>66</xmin>
<ymin>549</ymin>
<xmax>87</xmax>
<ymax>584</ymax>
</bndbox>
</object>
<object>
<name>Re1(no dot)</name>
<pose>Unspecified</pose>
<truncated>0</truncated>
<difficult>0</difficult>
<bndbox>
<xmin>387</xmin>
<ymin>216</ymin>
<xmax>403</xmax>
<ymax>248</ymax>
</bndbox>
</object>
<object>
<name>Re1(no dot)</name>
<pose>Unspecified</pose>
<truncated>0</truncated>
<difficult>0</difficult>
<bndbox>
<xmin>222</xmin>
<ymin>217</ymin>
<xmax>246</xmax>
<ymax>246</ymax>
</bndbox>
</object>
<object>
<name>Re1(dot above)</name>
<pose>Unspecified</pose>
<truncated>0</truncated>
<difficult>0</difficult>
<bndbox>
<xmin>146</xmin>
<ymin>117</ymin>
<xmax>164</xmax>
<ymax>146</ymax>
</bndbox>
</object>
<object>
<name>Re1(dot above)</name>
<pose>Unspecified</pose>
<truncated>0</truncated>
<difficult>0</difficult>
<bndbox>
<xmin>63</xmin>
<ymin>118</ymin>
<xmax>86</xmax>
<ymax>151</ymax>
</bndbox>
</object>
<object>
<name>Re1(dot above)</name>
<pose>Unspecified</pose>
<truncated>0</truncated>
<difficult>0</difficult>
<bndbox>
<xmin>341</xmin>
<ymin>115</ymin>
<xmax>359</xmax>
<ymax>148</ymax>
</bndbox>
</object>
<object>
<name>Re1(no dot)</name>
<pose>Unspecified</pose>
<truncated>0</truncated>
<difficult>0</difficult>
<bndbox>
<xmin>387</xmin>
<ymin>545</ymin>
<xmax>408</xmax>
<ymax>580</ymax>
</bndbox>
</object>
<object>
<name>Re1(no dot)</name>
<pose>Unspecified</pose>
<truncated>0</truncated>
<difficult>0</difficult>
<bndbox>
<xmin>308</xmin>
<ymin>549</ymin>
<xmax>328</xmax>
<ymax>579</ymax>
</bndbox>
</object>
<object>
<name>Ma2(no dot)</name>
<pose>Unspecified</pose>
<truncated>0</truncated>
<difficult>0</difficult>
<bndbox>
<xmin>24</xmin>
<ymin>222</ymin>
<xmax>45</xmax>
<ymax>242</ymax>
</bndbox>
</object>
<object>
<name>Ma2(no dot)</name>
<pose>Unspecified</pose>
<truncated>0</truncated>
<difficult>0</difficult>
<bndbox>
<xmin>143</xmin>
<ymin>216</ymin>
<xmax>164</xmax>
<ymax>240</ymax>
</bndbox>
</object>
<object>
<name>Ma2(no dot)</name>
<pose>Unspecified</pose>
<truncated>0</truncated>
<difficult>0</difficult>
<bndbox>
<xmin>142</xmin>
<ymin>21</ymin>
<xmax>165</xmax>
<ymax>42</ymax>
</bndbox>
</object>
<object>
<name>Ma2(no dot)</name>
<pose>Unspecified</pose>
<truncated>0</truncated>
<difficult>0</difficult>
<bndbox>
<xmin>256</xmin>
<ymin>18</ymin>
<xmax>279</xmax>
<ymax>42</ymax>
</bndbox>
</object>
<object>
<name>Ma2(no dot)</name>
<pose>Unspecified</pose>
<truncated>0</truncated>
<difficult>0</difficult>
<bndbox>
<xmin>262</xmin>
<ymin>650</ymin>
<xmax>282</xmax>
<ymax>676</ymax>
</bndbox>
</object>
<object>
<name>Ma2(no dot)</name>
<pose>Unspecified</pose>
<truncated>0</truncated>
<difficult>0</difficult>
<bndbox>
<xmin>151</xmin>
<ymin>747</ymin>
<xmax>169</xmax>
<ymax>773</ymax>
</bndbox>
</object>
<object>
<name>Ni(no dot)</name>
<pose>Unspecified</pose>
<truncated>0</truncated>
<difficult>0</difficult>
<bndbox>
<xmin>344</xmin>
<ymin>645</ymin>
<xmax>365</xmax>
<ymax>678</ymax>
</bndbox>
</object>
<object>
<name>Ni(no dot)</name>
<pose>Unspecified</pose>
<truncated>0</truncated>
<difficult>0</difficult>
<bndbox>
<xmin>379</xmin>
<ymin>117</ymin>
<xmax>399</xmax>
<ymax>144</ymax>
</bndbox>
</object>
<object>
<name>Ni(no dot)</name>
<pose>Unspecified</pose>
<truncated>0</truncated>
<difficult>0</difficult>
<bndbox>
<xmin>259</xmin>
<ymin>122</ymin>
<xmax>283</xmax>
<ymax>143</ymax>
</bndbox>
</object>
<object>
<name>Ni(no dot)</name>
<pose>Unspecified</pose>
<truncated>0</truncated>
<difficult>0</difficult>
<bndbox>
<xmin>26</xmin>
<ymin>120</ymin>
<xmax>52</xmax>
<ymax>149</ymax>
</bndbox>
</object>
<object>
<name>Sa(dot above)</name>
<pose>Unspecified</pose>
<truncated>0</truncated>
<difficult>0</difficult>
<bndbox>
<xmin>301</xmin>
<ymin>18</ymin>
<xmax>324</xmax>
<ymax>44</ymax>
</bndbox>
</object>
<object>
<name>Sa(dot above)</name>
<pose>Unspecified</pose>
<truncated>0</truncated>
<difficult>0</difficult>
<bndbox>
<xmin>381</xmin>
<ymin>12</ymin>
<xmax>405</xmax>
<ymax>47</ymax>
</bndbox>
</object>
<object>
<name>Sa(dot above)</name>
<pose>Unspecified</pose>
<truncated>0</truncated>
<difficult>0</difficult>
<bndbox>
<xmin>443</xmin>
<ymin>18</ymin>
<xmax>476</xmax>
<ymax>47</ymax>
</bndbox>
</object>
<object>
<name>Sa(no dot)</name>
<pose>Unspecified</pose>
<truncated>0</truncated>
<difficult>0</difficult>
<bndbox>
<xmin>447</xmin>
<ymin>217</ymin>
<xmax>474</xmax>
<ymax>247</ymax>
</bndbox>
</object>
<object>
<name>Ma2(no dot)</name>
<pose>Unspecified</pose>
<truncated>0</truncated>
<difficult>0</difficult>
<bndbox>
<xmin>301</xmin>
<ymin>219</ymin>
<xmax>324</xmax>
<ymax>242</ymax>
</bndbox>
</object>
<object>
<name>Ni(no dot)</name>
<pose>Unspecified</pose>
<truncated>0</truncated>
<difficult>0</difficult>
<bndbox>
<xmin>61</xmin>
<ymin>216</ymin>
<xmax>90</xmax>
<ymax>249</ymax>
</bndbox>
</object>
<object>
<name>Ga(dot above)</name>
<pose>Unspecified</pose>
<truncated>0</truncated>
<difficult>0</difficult>
<bndbox>
<xmin>105</xmin>
<ymin>114</ymin>
<xmax>126</xmax>
<ymax>149</ymax>
</bndbox>
</object>
<object>
<name>Ni(dot below)</name>
<pose>Unspecified</pose>
<truncated>0</truncated>
<difficult>0</difficult>
<bndbox>
<xmin>23</xmin>
<ymin>653</ymin>
<xmax>53</xmax>
<ymax>680</ymax>
</bndbox>
</object>
<object>
<name>Ni(dot below)</name>
<pose>Unspecified</pose>
<truncated>0</truncated>
<difficult>0</difficult>
<bndbox>
<xmin>21</xmin>
<ymin>552</ymin>
<xmax>50</xmax>
<ymax>581</ymax>
</bndbox>
</object>
<object>
<name>Ni(dot below)</name>
<pose>Unspecified</pose>
<truncated>0</truncated>
<difficult>0</difficult>
<bndbox>
<xmin>339</xmin>
<ymin>730</ymin>
<xmax>362</xmax>
<ymax>751</ymax>
</bndbox>
</object>
<object>
<name>Ma2(no dot)</name>
<pose>Unspecified</pose>
<truncated>0</truncated>
<difficult>0</difficult>
<bndbox>
<xmin>21</xmin>
<ymin>747</ymin>
<xmax>44</xmax>
<ymax>774</ymax>
</bndbox>
</object>
<object>
<name>Sa(no dot)</name>
<pose>Unspecified</pose>
<truncated>0</truncated>
<difficult>0</difficult>
<bndbox>
<xmin>15</xmin>
<ymin>636</ymin>
<xmax>39</xmax>
<ymax>654</ymax>
</bndbox>
</object>
<object>
<name>Sa(no dot)</name>
<pose>Unspecified</pose>
<truncated>0</truncated>
<difficult>0</difficult>
<bndbox>
<xmin>225</xmin>
<ymin>552</ymin>
<xmax>251</xmax>
<ymax>576</ymax>
</bndbox>
</object>
<object>
<name>Sa(no dot)</name>
<pose>Unspecified</pose>
<truncated>0</truncated>
<difficult>0</difficult>
<bndbox>
<xmin>260</xmin>
<ymin>525</ymin>
<xmax>281</xmax>
<ymax>551</ymax>
</bndbox>
</object>
<object>
<name>Sa(no dot)</name>
<pose>Unspecified</pose>
<truncated>0</truncated>
<difficult>0</difficult>
<bndbox>
<xmin>423</xmin>
<ymin>549</ymin>
<xmax>449</xmax>
<ymax>581</ymax>
</bndbox>
</object>
<object>
<name>Ma2(no dot)</name>
<pose>Unspecified</pose>
<truncated>0</truncated>
<difficult>0</difficult>
<bndbox>
<xmin>420</xmin>
<ymin>645</ymin>
<xmax>443</xmax>
<ymax>675</ymax>
</bndbox>
</object>
<object>
<name>Sa(no dot)</name>
<pose>Unspecified</pose>
<truncated>0</truncated>
<difficult>0</difficult>
<bndbox>
<xmin>262</xmin>
<ymin>747</ymin>
<xmax>294</xmax>
<ymax>777</ymax>
</bndbox>
</object>
<object>
<name>Sa(no dot)</name>
<pose>Unspecified</pose>
<truncated>0</truncated>
<difficult>0</difficult>
<bndbox>
<xmin>304</xmin>
<ymin>747</ymin>
<xmax>327</xmax>
<ymax>779</ymax>
</bndbox>
</object>
<object>
<name>Sa(no dot)</name>
<pose>Unspecified</pose>
<truncated>0</truncated>
<difficult>0</difficult>
<bndbox>
<xmin>344</xmin>
<ymin>753</ymin>
<xmax>367</xmax>
<ymax>774</ymax>
</bndbox>
</object>
<object>
<name>Sa(no dot)</name>
<pose>Unspecified</pose>
<truncated>0</truncated>
<difficult>0</difficult>
<bndbox>
<xmin>449</xmin>
<ymin>747</ymin>
<xmax>472</xmax>
<ymax>771</ymax>
</bndbox>
</object>
<object>
<name>Sa(dot above)</name>
<pose>Unspecified</pose>
<truncated>0</truncated>
<difficult>0</difficult>
<bndbox>
<xmin>220</xmin>
<ymin>112</ymin>
<xmax>244</xmax>
<ymax>145</ymax>
</bndbox>
</object>
<object>
<name>Sa(dot above)</name>
<pose>Unspecified</pose>
<truncated>0</truncated>
<difficult>0</difficult>
<bndbox>
<xmin>260</xmin>
<ymin>94</ymin>
<xmax>275</xmax>
<ymax>118</ymax>
</bndbox>
</object>
<object>
<name>Sa(dot above)</name>
<pose>Unspecified</pose>
<truncated>0</truncated>
<difficult>0</difficult>
<bndbox>
<xmin>21</xmin>
<ymin>98</ymin>
<xmax>42</xmax>
<ymax>121</ymax>
</bndbox>
</object>
<object>
<name>Ni(dot below)</name>
<pose>Unspecified</pose>
<truncated>0</truncated>
<difficult>0</difficult>
<bndbox>
<xmin>264</xmin>
<ymin>552</ymin>
<xmax>288</xmax>
<ymax>579</ymax>
</bndbox>
</object>
<object>
<name>Dha(dot below)</name>
<pose>Unspecified</pose>
<truncated>0</truncated>
<difficult>0</difficult>
<bndbox>
<xmin>421</xmin>
<ymin>752</ymin>
<xmax>442</xmax>
<ymax>779</ymax>
</bndbox>
</object>
<object>
<name>Dha(no dot)</name>
<pose>Unspecified</pose>
<truncated>0</truncated>
<difficult>0</difficult>
<bndbox>
<xmin>264</xmin>
<ymin>631</ymin>
<xmax>280</xmax>
<ymax>647</ymax>
</bndbox>
</object>
<object>
<name>Sa(no dot)</name>
<pose>Unspecified</pose>
<truncated>0</truncated>
<difficult>0</difficult>
<bndbox>
<xmin>21</xmin>
<ymin>855</ymin>
<xmax>44</xmax>
<ymax>867</ymax>
</bndbox>
</object>
<object>
<name>Sa(no dot)</name>
<pose>Unspecified</pose>
<truncated>0</truncated>
<difficult>0</difficult>
<bndbox>
<xmin>63</xmin>
<ymin>854</ymin>
<xmax>90</xmax>
<ymax>869</ymax>
</bndbox>
</object>
</annotation>
