<annotation>
<folder>images</folder>
<filename>f2274904-img43.png</filename>
<source>
<database>MyDatabase</database>
<annotation>COCO2017</annotation>
<image>flickr</image>
<flickrid>NULL</flickrid>
<annotator>1</annotator>
</source>
<owner>
<flickrid>NULL</flickrid>
<name>Label Studio</name>
</owner>
<size>
<width>510</width>
<height>318</height>
<depth>4</depth>
</size>
<segmented>0</segmented>
<object>
<name>Ni1(no dot)</name>
<pose>Unspecified</pose>
<truncated>0</truncated>
<difficult>0</difficult>
<bndbox>
<xmin>9</xmin>
<ymin>24</ymin>
<xmax>32</xmax>
<ymax>49</ymax>
</bndbox>
</object>
<object>
<name>Ni1(no dot)</name>
<pose>Unspecified</pose>
<truncated>0</truncated>
<difficult>0</difficult>
<bndbox>
<xmin>67</xmin>
<ymin>23</ymin>
<xmax>91</xmax>
<ymax>49</ymax>
</bndbox>
</object>
<object>
<name>Ni1(no dot)</name>
<pose>Unspecified</pose>
<truncated>0</truncated>
<difficult>0</difficult>
<bndbox>
<xmin>159</xmin>
<ymin>17</ymin>
<xmax>178</xmax>
<ymax>45</ymax>
</bndbox>
</object>
<object>
<name>Ni1(no dot)</name>
<pose>Unspecified</pose>
<truncated>0</truncated>
<difficult>0</difficult>
<bndbox>
<xmin>249</xmin>
<ymin>13</ymin>
<xmax>271</xmax>
<ymax>41</ymax>
</bndbox>
</object>
<object>
<name>Ni1(no dot)</name>
<pose>Unspecified</pose>
<truncated>0</truncated>
<difficult>0</difficult>
<bndbox>
<xmin>140</xmin>
<ymin>125</ymin>
<xmax>162</xmax>
<ymax>152</ymax>
</bndbox>
</object>
<object>
<name>Ni1(no dot)</name>
<pose>Unspecified</pose>
<truncated>0</truncated>
<difficult>0</difficult>
<bndbox>
<xmin>245</xmin>
<ymin>118</ymin>
<xmax>258</xmax>
<ymax>142</ymax>
</bndbox>
</object>
<object>
<name>Ni1(no dot)</name>
<pose>Unspecified</pose>
<truncated>0</truncated>
<difficult>0</difficult>
<bndbox>
<xmin>259</xmin>
<ymin>119</ymin>
<xmax>277</xmax>
<ymax>140</ymax>
</bndbox>
</object>
<object>
<name>Ni1(no dot)</name>
<pose>Unspecified</pose>
<truncated>0</truncated>
<difficult>0</difficult>
<bndbox>
<xmin>456</xmin>
<ymin>113</ymin>
<xmax>472</xmax>
<ymax>136</ymax>
</bndbox>
</object>
<object>
<name>Ni1(no dot)</name>
<pose>Unspecified</pose>
<truncated>0</truncated>
<difficult>0</difficult>
<bndbox>
<xmin>473</xmin>
<ymin>108</ymin>
<xmax>491</xmax>
<ymax>137</ymax>
</bndbox>
</object>
<object>
<name>Dha(no dot)</name>
<pose>Unspecified</pose>
<truncated>0</truncated>
<difficult>0</difficult>
<bndbox>
<xmin>6</xmin>
<ymin>6</ymin>
<xmax>25</xmax>
<ymax>23</ymax>
</bndbox>
</object>
<object>
<name>Dha(no dot)</name>
<pose>Unspecified</pose>
<truncated>0</truncated>
<difficult>0</difficult>
<bndbox>
<xmin>40</xmin>
<ymin>27</ymin>
<xmax>56</xmax>
<ymax>48</ymax>
</bndbox>
</object>
<object>
<name>Dha(no dot)</name>
<pose>Unspecified</pose>
<truncated>0</truncated>
<difficult>0</difficult>
<bndbox>
<xmin>138</xmin>
<ymin>20</ymin>
<xmax>155</xmax>
<ymax>43</ymax>
</bndbox>
</object>
<object>
<name>Dha(no dot)</name>
<pose>Unspecified</pose>
<truncated>0</truncated>
<difficult>0</difficult>
<bndbox>
<xmin>279</xmin>
<ymin>18</ymin>
<xmax>299</xmax>
<ymax>41</ymax>
</bndbox>
</object>
<object>
<name>Dha(no dot)</name>
<pose>Unspecified</pose>
<truncated>0</truncated>
<difficult>0</difficult>
<bndbox>
<xmin>167</xmin>
<ymin>126</ymin>
<xmax>187</xmax>
<ymax>152</ymax>
</bndbox>
</object>
<object>
<name>Dha(no dot)</name>
<pose>Unspecified</pose>
<truncated>0</truncated>
<difficult>0</difficult>
<bndbox>
<xmin>279</xmin>
<ymin>120</ymin>
<xmax>292</xmax>
<ymax>139</ymax>
</bndbox>
</object>
<object>
<name>Dha(no dot)</name>
<pose>Unspecified</pose>
<truncated>0</truncated>
<difficult>0</difficult>
<bndbox>
<xmin>293</xmin>
<ymin>119</ymin>
<xmax>304</xmax>
<ymax>140</ymax>
</bndbox>
</object>
<object>
<name>Dha(no dot)</name>
<pose>Unspecified</pose>
<truncated>0</truncated>
<difficult>0</difficult>
<bndbox>
<xmin>75</xmin>
<ymin>235</ymin>
<xmax>97</xmax>
<ymax>255</ymax>
</bndbox>
</object>
<object>
<name>Dha(no dot)</name>
<pose>Unspecified</pose>
<truncated>0</truncated>
<difficult>0</difficult>
<bndbox>
<xmin>205</xmin>
<ymin>227</ymin>
<xmax>227</xmax>
<ymax>251</ymax>
</bndbox>
</object>
<object>
<name>Sa(dot above)</name>
<pose>Unspecified</pose>
<truncated>0</truncated>
<difficult>0</difficult>
<bndbox>
<xmin>188</xmin>
<ymin>19</ymin>
<xmax>209</xmax>
<ymax>45</ymax>
</bndbox>
</object>
<object>
<name>Sa(dot above)</name>
<pose>Unspecified</pose>
<truncated>0</truncated>
<difficult>0</difficult>
<bndbox>
<xmin>342</xmin>
<ymin>116</ymin>
<xmax>367</xmax>
<ymax>141</ymax>
</bndbox>
</object>
<object>
<name>Sa(dot above)</name>
<pose>Unspecified</pose>
<truncated>0</truncated>
<difficult>0</difficult>
<bndbox>
<xmin>426</xmin>
<ymin>115</ymin>
<xmax>452</xmax>
<ymax>143</ymax>
</bndbox>
</object>
<object>
<name>Sa(dot above)</name>
<pose>Unspecified</pose>
<truncated>0</truncated>
<difficult>0</difficult>
<bndbox>
<xmin>149</xmin>
<ymin>228</ymin>
<xmax>171</xmax>
<ymax>253</ymax>
</bndbox>
</object>
<object>
<name>Sa(dot above)</name>
<pose>Unspecified</pose>
<truncated>0</truncated>
<difficult>0</difficult>
<bndbox>
<xmin>24</xmin>
<ymin>232</ymin>
<xmax>45</xmax>
<ymax>259</ymax>
</bndbox>
</object>
<object>
<name>Sa(no dot)</name>
<pose>Unspecified</pose>
<truncated>0</truncated>
<difficult>0</difficult>
<bndbox>
<xmin>434</xmin>
<ymin>223</ymin>
<xmax>460</xmax>
<ymax>244</ymax>
</bndbox>
</object>
<object>
<name>Sa(no dot)</name>
<pose>Unspecified</pose>
<truncated>0</truncated>
<difficult>0</difficult>
<bndbox>
<xmin>468</xmin>
<ymin>222</ymin>
<xmax>494</xmax>
<ymax>241</ymax>
</bndbox>
</object>
<object>
<name>Sa(no dot)</name>
<pose>Unspecified</pose>
<truncated>0</truncated>
<difficult>0</difficult>
<bndbox>
<xmin>37</xmin>
<ymin>131</ymin>
<xmax>60</xmax>
<ymax>151</ymax>
</bndbox>
</object>
<object>
<name>Ni(no dot)</name>
<pose>Unspecified</pose>
<truncated>0</truncated>
<difficult>0</difficult>
<bndbox>
<xmin>310</xmin>
<ymin>117</ymin>
<xmax>325</xmax>
<ymax>135</ymax>
</bndbox>
</object>
<object>
<name>Ni(no dot)</name>
<pose>Unspecified</pose>
<truncated>0</truncated>
<difficult>0</difficult>
<bndbox>
<xmin>326</xmin>
<ymin>118</ymin>
<xmax>340</xmax>
<ymax>136</ymax>
</bndbox>
</object>
<object>
<name>Re(dot above)</name>
<pose>Unspecified</pose>
<truncated>0</truncated>
<difficult>0</difficult>
<bndbox>
<xmin>405</xmin>
<ymin>116</ymin>
<xmax>420</xmax>
<ymax>135</ymax>
</bndbox>
</object>
<object>
<name>Ma(no dot)</name>
<pose>Unspecified</pose>
<truncated>0</truncated>
<difficult>0</difficult>
<bndbox>
<xmin>446</xmin>
<ymin>13</ymin>
<xmax>457</xmax>
<ymax>28</ymax>
</bndbox>
</object>
<object>
<name>Ma(no dot)</name>
<pose>Unspecified</pose>
<truncated>0</truncated>
<difficult>0</difficult>
<bndbox>
<xmin>343</xmin>
<ymin>13</ymin>
<xmax>357</xmax>
<ymax>38</ymax>
</bndbox>
</object>
<object>
<name>Ma(no dot)</name>
<pose>Unspecified</pose>
<truncated>0</truncated>
<difficult>0</difficult>
<bndbox>
<xmin>220</xmin>
<ymin>124</ymin>
<xmax>239</xmax>
<ymax>155</ymax>
</bndbox>
</object>
<object>
<name>Ma(no dot)</name>
<pose>Unspecified</pose>
<truncated>0</truncated>
<difficult>0</difficult>
<bndbox>
<xmin>95</xmin>
<ymin>126</ymin>
<xmax>109</xmax>
<ymax>146</ymax>
</bndbox>
</object>
<object>
<name>Ma(no dot)</name>
<pose>Unspecified</pose>
<truncated>0</truncated>
<difficult>0</difficult>
<bndbox>
<xmin>109</xmin>
<ymin>129</ymin>
<xmax>123</xmax>
<ymax>143</ymax>
</bndbox>
</object>
<object>
<name>Ma(no dot)</name>
<pose>Unspecified</pose>
<truncated>0</truncated>
<difficult>0</difficult>
<bndbox>
<xmin>342</xmin>
<ymin>226</ymin>
<xmax>361</xmax>
<ymax>248</ymax>
</bndbox>
</object>
<object>
<name>Ma(no dot)</name>
<pose>Unspecified</pose>
<truncated>0</truncated>
<difficult>0</difficult>
<bndbox>
<xmin>257</xmin>
<ymin>231</ymin>
<xmax>276</xmax>
<ymax>254</ymax>
</bndbox>
</object>
<object>
<name>Ma(no dot)</name>
<pose>Unspecified</pose>
<truncated>0</truncated>
<difficult>0</difficult>
<bndbox>
<xmin>430</xmin>
<ymin>13</ymin>
<xmax>442</xmax>
<ymax>30</ymax>
</bndbox>
</object>
<object>
<name>Re(no dot)</name>
<pose>Unspecified</pose>
<truncated>0</truncated>
<difficult>0</difficult>
<bndbox>
<xmin>414</xmin>
<ymin>214</ymin>
<xmax>429</xmax>
<ymax>248</ymax>
</bndbox>
</object>
<object>
<name>Re(no dot)</name>
<pose>Unspecified</pose>
<truncated>0</truncated>
<difficult>0</difficult>
<bndbox>
<xmin>319</xmin>
<ymin>219</ymin>
<xmax>334</xmax>
<ymax>249</ymax>
</bndbox>
</object>
<object>
<name>Re(no dot)</name>
<pose>Unspecified</pose>
<truncated>0</truncated>
<difficult>0</difficult>
<bndbox>
<xmin>10</xmin>
<ymin>128</ymin>
<xmax>26</xmax>
<ymax>150</ymax>
</bndbox>
</object>
<object>
<name>Pa(no dot)</name>
<pose>Unspecified</pose>
<truncated>0</truncated>
<difficult>0</difficult>
<bndbox>
<xmin>102</xmin>
<ymin>22</ymin>
<xmax>114</xmax>
<ymax>46</ymax>
</bndbox>
</object>
<object>
<name>Pa(no dot)</name>
<pose>Unspecified</pose>
<truncated>0</truncated>
<difficult>0</difficult>
<bndbox>
<xmin>320</xmin>
<ymin>15</ymin>
<xmax>330</xmax>
<ymax>34</ymax>
</bndbox>
</object>
<object>
<name>Pa(no dot)</name>
<pose>Unspecified</pose>
<truncated>0</truncated>
<difficult>0</difficult>
<bndbox>
<xmin>194</xmin>
<ymin>105</ymin>
<xmax>208</xmax>
<ymax>123</ymax>
</bndbox>
</object>
<object>
<name>Pa(no dot)</name>
<pose>Unspecified</pose>
<truncated>0</truncated>
<difficult>0</difficult>
<bndbox>
<xmin>229</xmin>
<ymin>225</ymin>
<xmax>242</xmax>
<ymax>255</ymax>
</bndbox>
</object>
<object>
<name>Ni(no dot)</name>
<pose>Unspecified</pose>
<truncated>0</truncated>
<difficult>0</difficult>
<bndbox>
<xmin>100</xmin>
<ymin>230</ymin>
<xmax>122</xmax>
<ymax>252</ymax>
</bndbox>
</object>
<object>
<name>Ni(no dot)</name>
<pose>Unspecified</pose>
<truncated>0</truncated>
<difficult>0</difficult>
<bndbox>
<xmin>70</xmin>
<ymin>210</ymin>
<xmax>89</xmax>
<ymax>231</ymax>
</bndbox>
</object>
<object>
<name>Ga(no dot)</name>
<pose>Unspecified</pose>
<truncated>0</truncated>
<difficult>0</difficult>
<bndbox>
<xmin>284</xmin>
<ymin>227</ymin>
<xmax>305</xmax>
<ymax>251</ymax>
</bndbox>
</object>
<object>
<name>Ga(no dot)</name>
<pose>Unspecified</pose>
<truncated>0</truncated>
<difficult>0</difficult>
<bndbox>
<xmin>384</xmin>
<ymin>227</ymin>
<xmax>403</xmax>
<ymax>248</ymax>
</bndbox>
</object>
<object>
<name>Ga(no dot)</name>
<pose>Unspecified</pose>
<truncated>0</truncated>
<difficult>0</difficult>
<bndbox>
<xmin>193</xmin>
<ymin>128</ymin>
<xmax>213</xmax>
<ymax>145</ymax>
</bndbox>
</object>
<object>
<name>Ga(no dot)</name>
<pose>Unspecified</pose>
<truncated>0</truncated>
<difficult>0</difficult>
<bndbox>
<xmin>69</xmin>
<ymin>127</ymin>
<xmax>85</xmax>
<ymax>150</ymax>
</bndbox>
</object>
<object>
<name>Ga(no dot)</name>
<pose>Unspecified</pose>
<truncated>0</truncated>
<difficult>0</difficult>
<bndbox>
<xmin>377</xmin>
<ymin>14</ymin>
<xmax>394</xmax>
<ymax>35</ymax>
</bndbox>
</object>
<object>
<name>Ga(no dot)</name>
<pose>Unspecified</pose>
<truncated>0</truncated>
<difficult>0</difficult>
<bndbox>
<xmin>409</xmin>
<ymin>11</ymin>
<xmax>423</xmax>
<ymax>29</ymax>
</bndbox>
</object>
<object>
<name>Ga(no dot)</name>
<pose>Unspecified</pose>
<truncated>0</truncated>
<difficult>0</difficult>
<bndbox>
<xmin>463</xmin>
<ymin>10</ymin>
<xmax>475</xmax>
<ymax>29</ymax>
</bndbox>
</object>
</annotation>
