<annotation>
<folder>images</folder>
<filename>f4b16da9-Kramik-Pustak.pdf_-_Brave_14-12-2023_12_24_58.png</filename>
<source>
<database>MyDatabase</database>
<annotation>COCO2017</annotation>
<image>flickr</image>
<flickrid>NULL</flickrid>
<annotator>1</annotator>
</source>
<owner>
<flickrid>NULL</flickrid>
<name>Label Studio</name>
</owner>
<size>
<width>1920</width>
<height>1030</height>
<depth>4</depth>
</size>
<segmented>0</segmented>
<object>
<name>Dha(no dot)</name>
<pose>Unspecified</pose>
<truncated>0</truncated>
<difficult>0</difficult>
<bndbox>
<xmin>759</xmin>
<ymin>250</ymin>
<xmax>782</xmax>
<ymax>275</ymax>
</bndbox>
</object>
<object>
<name>Dha(no dot)</name>
<pose>Unspecified</pose>
<truncated>0</truncated>
<difficult>0</difficult>
<bndbox>
<xmin>849</xmin>
<ymin>248</ymin>
<xmax>868</xmax>
<ymax>278</ymax>
</bndbox>
</object>
<object>
<name>Dha(no dot)</name>
<pose>Unspecified</pose>
<truncated>0</truncated>
<difficult>0</difficult>
<bndbox>
<xmin>938</xmin>
<ymin>317</ymin>
<xmax>955</xmax>
<ymax>342</ymax>
</bndbox>
</object>
<object>
<name>Dha(no dot)</name>
<pose>Unspecified</pose>
<truncated>0</truncated>
<difficult>0</difficult>
<bndbox>
<xmin>1033</xmin>
<ymin>314</ymin>
<xmax>1050</xmax>
<ymax>337</ymax>
</bndbox>
</object>
<object>
<name>Dha(no dot)</name>
<pose>Unspecified</pose>
<truncated>0</truncated>
<difficult>0</difficult>
<bndbox>
<xmin>1145</xmin>
<ymin>314</ymin>
<xmax>1166</xmax>
<ymax>337</ymax>
</bndbox>
</object>
<object>
<name>Dha(no dot)</name>
<pose>Unspecified</pose>
<truncated>0</truncated>
<difficult>0</difficult>
<bndbox>
<xmin>791</xmin>
<ymin>379</ymin>
<xmax>808</xmax>
<ymax>407</ymax>
</bndbox>
</object>
<object>
<name>Dha(no dot)</name>
<pose>Unspecified</pose>
<truncated>0</truncated>
<difficult>0</difficult>
<bndbox>
<xmin>908</xmin>
<ymin>375</ymin>
<xmax>931</xmax>
<ymax>409</ymax>
</bndbox>
</object>
<object>
<name>Dha(no dot)</name>
<pose>Unspecified</pose>
<truncated>0</truncated>
<difficult>0</difficult>
<bndbox>
<xmin>1143</xmin>
<ymin>377</ymin>
<xmax>1158</xmax>
<ymax>405</ymax>
</bndbox>
</object>
<object>
<name>Dha(no dot)</name>
<pose>Unspecified</pose>
<truncated>0</truncated>
<difficult>0</difficult>
<bndbox>
<xmin>1156</xmin>
<ymin>770</ymin>
<xmax>1171</xmax>
<ymax>789</ymax>
</bndbox>
</object>
<object>
<name>Dha(no dot)</name>
<pose>Unspecified</pose>
<truncated>0</truncated>
<difficult>0</difficult>
<bndbox>
<xmin>843</xmin>
<ymin>837</ymin>
<xmax>860</xmax>
<ymax>860</ymax>
</bndbox>
</object>
<object>
<name>Dha(no dot)</name>
<pose>Unspecified</pose>
<truncated>0</truncated>
<difficult>0</difficult>
<bndbox>
<xmin>871</xmin>
<ymin>957</ymin>
<xmax>888</xmax>
<ymax>987</ymax>
</bndbox>
</object>
<object>
<name>Dha(no dot)</name>
<pose>Unspecified</pose>
<truncated>0</truncated>
<difficult>0</difficult>
<bndbox>
<xmin>962</xmin>
<ymin>957</ymin>
<xmax>977</xmax>
<ymax>987</ymax>
</bndbox>
</object>
<object>
<name>Ga(no dot)</name>
<pose>Unspecified</pose>
<truncated>0</truncated>
<difficult>0</difficult>
<bndbox>
<xmin>791</xmin>
<ymin>248</ymin>
<xmax>810</xmax>
<ymax>280</ymax>
</bndbox>
</object>
<object>
<name>Ga(no dot)</name>
<pose>Unspecified</pose>
<truncated>0</truncated>
<difficult>0</difficult>
<bndbox>
<xmin>908</xmin>
<ymin>250</ymin>
<xmax>929</xmax>
<ymax>278</ymax>
</bndbox>
</object>
<object>
<name>Ga(no dot)</name>
<pose>Unspecified</pose>
<truncated>0</truncated>
<difficult>0</difficult>
<bndbox>
<xmin>783</xmin>
<ymin>312</ymin>
<xmax>804</xmax>
<ymax>340</ymax>
</bndbox>
</object>
<object>
<name>Ga(no dot)</name>
<pose>Unspecified</pose>
<truncated>0</truncated>
<difficult>0</difficult>
<bndbox>
<xmin>875</xmin>
<ymin>312</ymin>
<xmax>894</xmax>
<ymax>344</ymax>
</bndbox>
</object>
<object>
<name>Ga(no dot)</name>
<pose>Unspecified</pose>
<truncated>0</truncated>
<difficult>0</difficult>
<bndbox>
<xmin>970</xmin>
<ymin>306</ymin>
<xmax>987</xmax>
<ymax>340</ymax>
</bndbox>
</object>
<object>
<name>Ga(no dot)</name>
<pose>Unspecified</pose>
<truncated>0</truncated>
<difficult>0</difficult>
<bndbox>
<xmin>722</xmin>
<ymin>379</ymin>
<xmax>750</xmax>
<ymax>404</ymax>
</bndbox>
</object>
<object>
<name>Ga(no dot)</name>
<pose>Unspecified</pose>
<truncated>0</truncated>
<difficult>0</difficult>
<bndbox>
<xmin>970</xmin>
<ymin>379</ymin>
<xmax>987</xmax>
<ymax>400</ymax>
</bndbox>
</object>
<object>
<name>Ga(no dot)</name>
<pose>Unspecified</pose>
<truncated>0</truncated>
<difficult>0</difficult>
<bndbox>
<xmin>852</xmin>
<ymin>377</ymin>
<xmax>869</xmax>
<ymax>405</ymax>
</bndbox>
</object>
<object>
<name>Ga(no dot)</name>
<pose>Unspecified</pose>
<truncated>0</truncated>
<difficult>0</difficult>
<bndbox>
<xmin>1024</xmin>
<ymin>375</ymin>
<xmax>1049</xmax>
<ymax>407</ymax>
</bndbox>
</object>
<object>
<name>Ga(no dot)</name>
<pose>Unspecified</pose>
<truncated>0</truncated>
<difficult>0</difficult>
<bndbox>
<xmin>1020</xmin>
<ymin>966</ymin>
<xmax>1041</xmax>
<ymax>985</ymax>
</bndbox>
</object>
<object>
<name>Ga(no dot)</name>
<pose>Unspecified</pose>
<truncated>0</truncated>
<difficult>0</difficult>
<bndbox>
<xmin>897</xmin>
<ymin>957</ymin>
<xmax>920</xmax>
<ymax>987</ymax>
</bndbox>
</object>
<object>
<name>Ga(no dot)</name>
<pose>Unspecified</pose>
<truncated>0</truncated>
<difficult>0</difficult>
<bndbox>
<xmin>1130</xmin>
<ymin>897</ymin>
<xmax>1151</xmax>
<ymax>922</ymax>
</bndbox>
</object>
<object>
<name>Ga(no dot)</name>
<pose>Unspecified</pose>
<truncated>0</truncated>
<difficult>0</difficult>
<bndbox>
<xmin>1104</xmin>
<ymin>832</ymin>
<xmax>1123</xmax>
<ymax>855</ymax>
</bndbox>
</object>
<object>
<name>Ga(no dot)</name>
<pose>Unspecified</pose>
<truncated>0</truncated>
<difficult>0</difficult>
<bndbox>
<xmin>1154</xmin>
<ymin>832</ymin>
<xmax>1175</xmax>
<ymax>857</ymax>
</bndbox>
</object>
<object>
<name>Ga(no dot)</name>
<pose>Unspecified</pose>
<truncated>0</truncated>
<difficult>0</difficult>
<bndbox>
<xmin>901</xmin>
<ymin>830</ymin>
<xmax>922</xmax>
<ymax>860</ymax>
</bndbox>
</object>
<object>
<name>Dha(no dot)</name>
<pose>Unspecified</pose>
<truncated>0</truncated>
<difficult>0</difficult>
<bndbox>
<xmin>1130</xmin>
<ymin>200</ymin>
<xmax>1158</xmax>
<ymax>225</ymax>
</bndbox>
</object>
<object>
<name>Ma2(no dot)</name>
<pose>Unspecified</pose>
<truncated>0</truncated>
<difficult>0</difficult>
<bndbox>
<xmin>1164</xmin>
<ymin>196</ymin>
<xmax>1183</xmax>
<ymax>228</ymax>
</bndbox>
</object>
<object>
<name>Ma2(no dot)</name>
<pose>Unspecified</pose>
<truncated>0</truncated>
<difficult>0</difficult>
<bndbox>
<xmin>819</xmin>
<ymin>241</ymin>
<xmax>834</xmax>
<ymax>281</ymax>
</bndbox>
</object>
<object>
<name>Ma2(no dot)</name>
<pose>Unspecified</pose>
<truncated>0</truncated>
<difficult>0</difficult>
<bndbox>
<xmin>901</xmin>
<ymin>310</ymin>
<xmax>926</xmax>
<ymax>342</ymax>
</bndbox>
</object>
<object>
<name>Ma2(no dot)</name>
<pose>Unspecified</pose>
<truncated>0</truncated>
<difficult>0</difficult>
<bndbox>
<xmin>877</xmin>
<ymin>243</ymin>
<xmax>901</xmax>
<ymax>283</ymax>
</bndbox>
</object>
<object>
<name>Ma2(no dot)</name>
<pose>Unspecified</pose>
<truncated>0</truncated>
<difficult>0</difficult>
<bndbox>
<xmin>997</xmin>
<ymin>373</ymin>
<xmax>1016</xmax>
<ymax>410</ymax>
</bndbox>
</object>
<object>
<name>Ma2(no dot)</name>
<pose>Unspecified</pose>
<truncated>0</truncated>
<difficult>0</difficult>
<bndbox>
<xmin>1163</xmin>
<ymin>371</ymin>
<xmax>1175</xmax>
<ymax>406</ymax>
</bndbox>
</object>
<object>
<name>Ma2(no dot)</name>
<pose>Unspecified</pose>
<truncated>0</truncated>
<difficult>0</difficult>
<bndbox>
<xmin>1155</xmin>
<ymin>710</ymin>
<xmax>1174</xmax>
<ymax>742</ymax>
</bndbox>
</object>
<object>
<name>Ma2(no dot)</name>
<pose>Unspecified</pose>
<truncated>0</truncated>
<difficult>0</difficult>
<bndbox>
<xmin>1116</xmin>
<ymin>306</ymin>
<xmax>1140</xmax>
<ymax>344</ymax>
</bndbox>
</object>
<object>
<name>Ma2(no dot)</name>
<pose>Unspecified</pose>
<truncated>0</truncated>
<difficult>0</difficult>
<bndbox>
<xmin>873</xmin>
<ymin>370</ymin>
<xmax>898</xmax>
<ymax>412</ymax>
</bndbox>
</object>
<object>
<name>Ma2(no dot)</name>
<pose>Unspecified</pose>
<truncated>0</truncated>
<difficult>0</difficult>
<bndbox>
<xmin>815</xmin>
<ymin>368</ymin>
<xmax>837</xmax>
<ymax>406</ymax>
</bndbox>
</object>
<object>
<name>Ga(no dot)</name>
<pose>Unspecified</pose>
<truncated>0</truncated>
<difficult>0</difficult>
<bndbox>
<xmin>1129</xmin>
<ymin>715</ymin>
<xmax>1151</xmax>
<ymax>745</ymax>
</bndbox>
</object>
<object>
<name>Ma2(no dot)</name>
<pose>Unspecified</pose>
<truncated>0</truncated>
<difficult>0</difficult>
<bndbox>
<xmin>867</xmin>
<ymin>820</ymin>
<xmax>889</xmax>
<ymax>863</ymax>
</bndbox>
</object>
<object>
<name>Re1(no dot)</name>
<pose>Unspecified</pose>
<truncated>0</truncated>
<difficult>0</difficult>
<bndbox>
<xmin>937</xmin>
<ymin>245</ymin>
<xmax>956</xmax>
<ymax>277</ymax>
</bndbox>
</object>
<object>
<name>Re1(no dot)</name>
<pose>Unspecified</pose>
<truncated>0</truncated>
<difficult>0</difficult>
<bndbox>
<xmin>1001</xmin>
<ymin>242</ymin>
<xmax>1018</xmax>
<ymax>284</ymax>
</bndbox>
</object>
<object>
<name>Re1(no dot)</name>
<pose>Unspecified</pose>
<truncated>0</truncated>
<difficult>0</difficult>
<bndbox>
<xmin>849</xmin>
<ymin>306</ymin>
<xmax>868</xmax>
<ymax>341</ymax>
</bndbox>
</object>
<object>
<name>Re1(no dot)</name>
<pose>Unspecified</pose>
<truncated>0</truncated>
<difficult>0</difficult>
<bndbox>
<xmin>1111</xmin>
<ymin>371</ymin>
<xmax>1127</xmax>
<ymax>410</ymax>
</bndbox>
</object>
<object>
<name>Re1(no dot)</name>
<pose>Unspecified</pose>
<truncated>0</truncated>
<difficult>0</difficult>
<bndbox>
<xmin>940</xmin>
<ymin>374</ymin>
<xmax>954</xmax>
<ymax>404</ymax>
</bndbox>
</object>
<object>
<name>Re1(no dot)</name>
<pose>Unspecified</pose>
<truncated>0</truncated>
<difficult>0</difficult>
<bndbox>
<xmin>752</xmin>
<ymin>312</ymin>
<xmax>772</xmax>
<ymax>345</ymax>
</bndbox>
</object>
<object>
<name>Re1(no dot)</name>
<pose>Unspecified</pose>
<truncated>0</truncated>
<difficult>0</difficult>
<bndbox>
<xmin>718</xmin>
<ymin>890</ymin>
<xmax>743</xmax>
<ymax>927</ymax>
</bndbox>
</object>
<object>
<name>Re1(no dot)</name>
<pose>Unspecified</pose>
<truncated>0</truncated>
<difficult>0</difficult>
<bndbox>
<xmin>1049</xmin>
<ymin>960</ymin>
<xmax>1063</xmax>
<ymax>994</ymax>
</bndbox>
</object>
<object>
<name>Re1(no dot)</name>
<pose>Unspecified</pose>
<truncated>0</truncated>
<difficult>0</difficult>
<bndbox>
<xmin>750</xmin>
<ymin>961</ymin>
<xmax>769</xmax>
<ymax>986</ymax>
</bndbox>
</object>
<object>
<name>Dha(no dot)</name>
<pose>Unspecified</pose>
<truncated>0</truncated>
<difficult>0</difficult>
<bndbox>
<xmin>781</xmin>
<ymin>961</ymin>
<xmax>798</xmax>
<ymax>988</ymax>
</bndbox>
</object>
<object>
<name>Ma2(no dot)</name>
<pose>Unspecified</pose>
<truncated>0</truncated>
<difficult>0</difficult>
<bndbox>
<xmin>806</xmin>
<ymin>957</ymin>
<xmax>831</xmax>
<ymax>989</ymax>
</bndbox>
</object>
<object>
<name>Ma2(no dot)</name>
<pose>Unspecified</pose>
<truncated>0</truncated>
<difficult>0</difficult>
<bndbox>
<xmin>987</xmin>
<ymin>952</ymin>
<xmax>1008</xmax>
<ymax>994</ymax>
</bndbox>
</object>
<object>
<name>Ma2(no dot)</name>
<pose>Unspecified</pose>
<truncated>0</truncated>
<difficult>0</difficult>
<bndbox>
<xmin>1102</xmin>
<ymin>892</ymin>
<xmax>1123</xmax>
<ymax>930</ymax>
</bndbox>
</object>
<object>
<name>Re1(no dot)</name>
<pose>Unspecified</pose>
<truncated>0</truncated>
<difficult>0</difficult>
<bndbox>
<xmin>1159</xmin>
<ymin>885</ymin>
<xmax>1175</xmax>
<ymax>927</ymax>
</bndbox>
</object>
<object>
<name>Re1(no dot)</name>
<pose>Unspecified</pose>
<truncated>0</truncated>
<difficult>0</difficult>
<bndbox>
<xmin>1062</xmin>
<ymin>368</ymin>
<xmax>1074</xmax>
<ymax>413</ymax>
</bndbox>
</object>
<object>
<name>Dha(no dot)</name>
<pose>Unspecified</pose>
<truncated>0</truncated>
<difficult>0</difficult>
<bndbox>
<xmin>713</xmin>
<ymin>762</ymin>
<xmax>745</xmax>
<ymax>797</ymax>
</bndbox>
</object>
<object>
<name>Dha(dot below)</name>
<pose>Unspecified</pose>
<truncated>0</truncated>
<difficult>0</difficult>
<bndbox>
<xmin>989</xmin>
<ymin>832</ymin>
<xmax>1005</xmax>
<ymax>866</ymax>
</bndbox>
</object>
<object>
<name>Dha(no dot)</name>
<pose>Unspecified</pose>
<truncated>0</truncated>
<difficult>0</difficult>
<bndbox>
<xmin>1079</xmin>
<ymin>893</ymin>
<xmax>1095</xmax>
<ymax>923</ymax>
</bndbox>
</object>
<object>
<name>Dha(dot above)</name>
<pose>Unspecified</pose>
<truncated>0</truncated>
<difficult>0</difficult>
<bndbox>
<xmin>927</xmin>
<ymin>892</ymin>
<xmax>946</xmax>
<ymax>921</ymax>
</bndbox>
</object>
<object>
<name>Ma2(no dot)</name>
<pose>Unspecified</pose>
<truncated>0</truncated>
<difficult>0</difficult>
<bndbox>
<xmin>927</xmin>
<ymin>952</ymin>
<xmax>946</xmax>
<ymax>987</ymax>
</bndbox>
</object>
<object>
<name>Ma2(dot above)</name>
<pose>Unspecified</pose>
<truncated>0</truncated>
<difficult>0</difficult>
<bndbox>
<xmin>895</xmin>
<ymin>890</ymin>
<xmax>919</xmax>
<ymax>922</ymax>
</bndbox>
</object>
<object>
<name>Ma2(dot above)</name>
<pose>Unspecified</pose>
<truncated>0</truncated>
<difficult>0</difficult>
<bndbox>
<xmin>783</xmin>
<ymin>893</ymin>
<xmax>804</xmax>
<ymax>925</ymax>
</bndbox>
</object>
<object>
<name>Ma2(dot above)</name>
<pose>Unspecified</pose>
<truncated>0</truncated>
<difficult>0</difficult>
<bndbox>
<xmin>961</xmin>
<ymin>760</ymin>
<xmax>982</xmax>
<ymax>795</ymax>
</bndbox>
</object>
<object>
<name>Re1(dot above)</name>
<pose>Unspecified</pose>
<truncated>0</truncated>
<difficult>0</difficult>
<bndbox>
<xmin>1104</xmin>
<ymin>760</ymin>
<xmax>1125</xmax>
<ymax>795</ymax>
</bndbox>
</object>
<object>
<name>Re1(dot above)</name>
<pose>Unspecified</pose>
<truncated>0</truncated>
<difficult>0</difficult>
<bndbox>
<xmin>718</xmin>
<ymin>824</ymin>
<xmax>743</xmax>
<ymax>861</ymax>
</bndbox>
</object>
<object>
<name>Re1(dot above)</name>
<pose>Unspecified</pose>
<truncated>0</truncated>
<difficult>0</difficult>
<bndbox>
<xmin>778</xmin>
<ymin>830</ymin>
<xmax>800</xmax>
<ymax>865</ymax>
</bndbox>
</object>
<object>
<name>Re1(no dot)</name>
<pose>Unspecified</pose>
<truncated>0</truncated>
<difficult>0</difficult>
<bndbox>
<xmin>1075</xmin>
<ymin>830</ymin>
<xmax>1100</xmax>
<ymax>862</ymax>
</bndbox>
</object>
<object>
<name>Re1(dot above)</name>
<pose>Unspecified</pose>
<truncated>0</truncated>
<difficult>0</difficult>
<bndbox>
<xmin>908</xmin>
<ymin>759</ymin>
<xmax>922</xmax>
<ymax>799</ymax>
</bndbox>
</object>
<object>
<name>Re1(dot above)</name>
<pose>Unspecified</pose>
<truncated>0</truncated>
<difficult>0</difficult>
<bndbox>
<xmin>838</xmin>
<ymin>888</ymin>
<xmax>859</xmax>
<ymax>925</ymax>
</bndbox>
</object>
<object>
<name>Re1(dot above)</name>
<pose>Unspecified</pose>
<truncated>0</truncated>
<difficult>0</difficult>
<bndbox>
<xmin>984</xmin>
<ymin>895</ymin>
<xmax>1003</xmax>
<ymax>929</ymax>
</bndbox>
</object>
<object>
<name>Re1(dot above)</name>
<pose>Unspecified</pose>
<truncated>0</truncated>
<difficult>0</difficult>
<bndbox>
<xmin>1019</xmin>
<ymin>765</ymin>
<xmax>1038</xmax>
<ymax>794</ymax>
</bndbox>
</object>
<object>
<name>Ma2(no dot)</name>
<pose>Unspecified</pose>
<truncated>0</truncated>
<difficult>0</difficult>
<bndbox>
<xmin>1128</xmin>
<ymin>825</ymin>
<xmax>1145</xmax>
<ymax>857</ymax>
</bndbox>
</object>
<object>
<name>Ga(dot above)</name>
<pose>Unspecified</pose>
<truncated>0</truncated>
<difficult>0</difficult>
<bndbox>
<xmin>864</xmin>
<ymin>897</ymin>
<xmax>886</xmax>
<ymax>922</ymax>
</bndbox>
</object>
<object>
<name>Ga(dot above)</name>
<pose>Unspecified</pose>
<truncated>0</truncated>
<difficult>0</difficult>
<bndbox>
<xmin>809</xmin>
<ymin>895</ymin>
<xmax>828</xmax>
<ymax>929</ymax>
</bndbox>
</object>
<object>
<name>Ga(dot above)</name>
<pose>Unspecified</pose>
<truncated>0</truncated>
<difficult>0</difficult>
<bndbox>
<xmin>1049</xmin>
<ymin>759</ymin>
<xmax>1065</xmax>
<ymax>807</ymax>
</bndbox>
</object>
<object>
<name>Ni(no dot)</name>
<pose>Unspecified</pose>
<truncated>0</truncated>
<difficult>0</difficult>
<bndbox>
<xmin>1075</xmin>
<ymin>760</ymin>
<xmax>1100</xmax>
<ymax>794</ymax>
</bndbox>
</object>
<object>
<name>Ni(no dot)</name>
<pose>Unspecified</pose>
<truncated>0</truncated>
<difficult>0</difficult>
<bndbox>
<xmin>1128</xmin>
<ymin>759</ymin>
<xmax>1149</xmax>
<ymax>796</ymax>
</bndbox>
</object>
<object>
<name>Ni(no dot)</name>
<pose>Unspecified</pose>
<truncated>0</truncated>
<difficult>0</difficult>
<bndbox>
<xmin>1039</xmin>
<ymin>884</ymin>
<xmax>1063</xmax>
<ymax>926</ymax>
</bndbox>
</object>
<object>
<name>Ni(no dot)</name>
<pose>Unspecified</pose>
<truncated>0</truncated>
<difficult>0</difficult>
<bndbox>
<xmin>806</xmin>
<ymin>827</ymin>
<xmax>828</xmax>
<ymax>865</ymax>
</bndbox>
</object>
<object>
<name>Ni(no dot)</name>
<pose>Unspecified</pose>
<truncated>0</truncated>
<difficult>0</difficult>
<bndbox>
<xmin>754</xmin>
<ymin>759</ymin>
<xmax>779</xmax>
<ymax>802</ymax>
</bndbox>
</object>
<object>
<name>Ni(dot below)</name>
<pose>Unspecified</pose>
<truncated>0</truncated>
<difficult>0</difficult>
<bndbox>
<xmin>1013</xmin>
<ymin>825</ymin>
<xmax>1038</xmax>
<ymax>867</ymax>
</bndbox>
</object>
<object>
<name>Ni(dot below)</name>
<pose>Unspecified</pose>
<truncated>0</truncated>
<difficult>0</difficult>
<bndbox>
<xmin>716</xmin>
<ymin>958</ymin>
<xmax>745</xmax>
<ymax>990</ymax>
</bndbox>
</object>
<object>
<name>Ga(dot above)</name>
<pose>Unspecified</pose>
<truncated>0</truncated>
<difficult>0</difficult>
<bndbox>
<xmin>990</xmin>
<ymin>765</ymin>
<xmax>1009</xmax>
<ymax>799</ymax>
</bndbox>
</object>
<object>
<name>Ga(dot above)</name>
<pose>Unspecified</pose>
<truncated>0</truncated>
<difficult>0</difficult>
<bndbox>
<xmin>930</xmin>
<ymin>765</ymin>
<xmax>947</xmax>
<ymax>797</ymax>
</bndbox>
</object>
<object>
<name>Ni(no dot)</name>
<pose>Unspecified</pose>
<truncated>0</truncated>
<difficult>0</difficult>
<bndbox>
<xmin>846</xmin>
<ymin>762</ymin>
<xmax>867</xmax>
<ymax>797</ymax>
</bndbox>
</object>
<object>
<name>Re1(no dot)</name>
<pose>Unspecified</pose>
<truncated>0</truncated>
<difficult>0</difficult>
<bndbox>
<xmin>929</xmin>
<ymin>822</ymin>
<xmax>946</xmax>
<ymax>865</ymax>
</bndbox>
</object>
<object>
<name>Sa(dot above)</name>
<pose>Unspecified</pose>
<truncated>0</truncated>
<difficult>0</difficult>
<bndbox>
<xmin>799</xmin>
<ymin>754</ymin>
<xmax>831</xmax>
<ymax>797</ymax>
</bndbox>
</object>
<object>
<name>Ni(dot below)</name>
<pose>Unspecified</pose>
<truncated>0</truncated>
<difficult>0</difficult>
<bndbox>
<xmin>968</xmin>
<ymin>247</ymin>
<xmax>992</xmax>
<ymax>279</ymax>
</bndbox>
</object>
<object>
<name>Ni(dot below)</name>
<pose>Unspecified</pose>
<truncated>0</truncated>
<difficult>0</difficult>
<bndbox>
<xmin>1024</xmin>
<ymin>244</ymin>
<xmax>1053</xmax>
<ymax>282</ymax>
</bndbox>
</object>
<object>
<name>Ni(dot below)</name>
<pose>Unspecified</pose>
<truncated>0</truncated>
<difficult>0</difficult>
<bndbox>
<xmin>1159</xmin>
<ymin>246</ymin>
<xmax>1193</xmax>
<ymax>283</ymax>
</bndbox>
</object>
<object>
<name>Ni(dot below)</name>
<pose>Unspecified</pose>
<truncated>0</truncated>
<difficult>0</difficult>
<bndbox>
<xmin>810</xmin>
<ymin>307</ymin>
<xmax>837</xmax>
<ymax>347</ymax>
</bndbox>
</object>
<object>
<name>Ni(dot below)</name>
<pose>Unspecified</pose>
<truncated>0</truncated>
<difficult>0</difficult>
<bndbox>
<xmin>1088</xmin>
<ymin>371</ymin>
<xmax>1109</xmax>
<ymax>408</ymax>
</bndbox>
</object>
<object>
<name>Ni(no dot)</name>
<pose>Unspecified</pose>
<truncated>0</truncated>
<difficult>0</difficult>
<bndbox>
<xmin>1088</xmin>
<ymin>306</ymin>
<xmax>1113</xmax>
<ymax>343</ymax>
</bndbox>
</object>
<object>
<name>Ni(no dot)</name>
<pose>Unspecified</pose>
<truncated>0</truncated>
<difficult>0</difficult>
<bndbox>
<xmin>997</xmin>
<ymin>306</ymin>
<xmax>1026</xmax>
<ymax>344</ymax>
</bndbox>
</object>
<object>
<name>Re1(dot above)</name>
<pose>Unspecified</pose>
<truncated>0</truncated>
<difficult>0</difficult>
<bndbox>
<xmin>1058</xmin>
<ymin>312</ymin>
<xmax>1077</xmax>
<ymax>339</ymax>
</bndbox>
</object>
<object>
<name>Re1(dot above)</name>
<pose>Unspecified</pose>
<truncated>0</truncated>
<difficult>0</difficult>
<bndbox>
<xmin>1170</xmin>
<ymin>307</ymin>
<xmax>1189</xmax>
<ymax>341</ymax>
</bndbox>
</object>
<object>
<name>Dha(dot below)</name>
<pose>Unspecified</pose>
<truncated>0</truncated>
<difficult>0</difficult>
<bndbox>
<xmin>1060</xmin>
<ymin>247</ymin>
<xmax>1079</xmax>
<ymax>279</ymax>
</bndbox>
</object>
<object>
<name>Dha(dot below)</name>
<pose>Unspecified</pose>
<truncated>0</truncated>
<difficult>0</difficult>
<bndbox>
<xmin>1112</xmin>
<ymin>247</ymin>
<xmax>1131</xmax>
<ymax>279</ymax>
</bndbox>
</object>
<object>
<name>Ma2(dot below)</name>
<pose>Unspecified</pose>
<truncated>0</truncated>
<difficult>0</difficult>
<bndbox>
<xmin>1088</xmin>
<ymin>241</ymin>
<xmax>1109</xmax>
<ymax>279</ymax>
</bndbox>
</object>
<object>
<name>Ni(no dot)</name>
<pose>Unspecified</pose>
<truncated>0</truncated>
<difficult>0</difficult>
<bndbox>
<xmin>755</xmin>
<ymin>371</ymin>
<xmax>780</xmax>
<ymax>408</ymax>
</bndbox>
</object>
<object>
<name>Sa(no dot)</name>
<pose>Unspecified</pose>
<truncated>0</truncated>
<difficult>0</difficult>
<bndbox>
<xmin>1139</xmin>
<ymin>249</ymin>
<xmax>1156</xmax>
<ymax>278</ymax>
</bndbox>
</object>
</annotation>
